Abbrivetion,ACType,VType,ACode,TypeCode,slno,IsVisiable,PID,BelongsTo
"Computer & Accessories A/C","Debit",2,"A007",2,127,1,7,"Asset"
"Furniture & Fixtures A/C","Debit",2,"A008",2,131,1,8,"Asset"
"Stock A/C","Debit",2,"A009",2,132,0,9,"Asset"
"Telephone Deposit A/C","Debit",2,"A010",2,133,0,10,"Asset"
"Telephone Expencess A/C","Debit",2,"E001",4,180,1,15,"Expendature"
"Banking Cash Transaction Tax A/C","Debit",2,"E015",4,191,1,29,"Expendature"
"Bank Charges A/C","Debit",2,"E016",4,192,1,30,"Expendature"
"Postages & Telegrams A/C","Debit",2,"E017",4,189,1,31,"Expendature"
"Entrance Fee A/C","Credit",3,"I001",3,156,1,47,"Income"
"Loans to Members A/C","Debit",2,"A001",2,126,1,1,"Asset"
"Upfront Fee(Gff) A/C","Credit",1,"I016",3,111,0,70,"Income"
"Emergency Fund  A/C","Credit",1,"L011",1,136,0,65,"Liability"
"Misclenious Income on Stationary A/C","Credit",3,"I003",3,155,0,48,"Income"
"Loans to Members (IL-Dummy)A/C","Debit",2,"A002",2,139,0,2,"Asset"
"Interest On Loans to members A/C","Credit",3,"I004",3,151,1,49,"Income"
"Adm Charges TechnicalAssistance A/C","Credit",3,"I005",3,152,0,50,"Income"
"Thrift Deposit(Savings) A/C","Credit",1,"L002",1,105,1,56,"Liability"
"Center Fund A/C","Credit",1,"L005",1,138,0,59,"Liability"
"Feneral Exp  A/C","Debit",2,"E014",4,198,1,28,"Expendature"
"Loans to Members(Arrears) A/C","Debit",2,"A003",2,128,0,3,"Asset"
"Interest on Loan to Members(Arrears) A/C","Debit",2,"A004",2,134,0,4,"Asset"
"Mr.S.Munibabu Advance  A/c","Credit",1,"L006",1,130,1,60,"Liability"
"Cost of Fund A/C","Debit",2,"E003",4,195,1,17,"Expendature"
"Rent Advance(Office) A/C","Debit",2,"A005",2,129,1,5,"Asset"
"Rent (Office) A/C","Debit",2,"E004",4,177,1,18,"Expendature"
"Elecricity Expences A/C","Debit",2,"E005",4,178,0,19,"Expendature"
"Salary Payble A/C","Debit",2,"E006",4,199,1,20,"Expendature"
"Advance For Expences A/C","Debit",2,"A006",2,130,1,6,"Asset"
"Loanloss Provision A/C","Debit",2,"E007",4,196,0,21,"Expendature"
"Special Allowance A/C","Debit",2,"E008",4,186,1,22,"Expendature"
"Petrol A/C","Debit",2,"E009",4,201,0,23,"Expendature"
"General and Office maintenance A/C","Debit",2,"E010",4,194,1,24,"Expendature"
"Printing and Stationary A/C","Debit",2,"E011",4,188,1,25,"Expendature"
"Staff Salary A/C","Debit",2,"E012",4,176,1,26,"Expendature"
"Audit Fee A/C","Debit",2,"E013",4,202,1,27,"Expendature"
"Misc Income From Member A/C","Credit",3,"I006",3,154,0,51,"Income"
"Suspance A/C","Debit",2,"A011",2,135,0,11,"Asset"
"Vehicle Maintanance A/C","Debit",2,"E018",4,187,1,32,"Expendature"
"Regular Thrift Deposit(RD) A/C","Credit",1,"L009",1,103,1,63,"Liability"
"Travelling Expences A/C","Debit",2,"E019",4,183,1,33,"Expendature"
"Bank (SBI - 32027238867) A/c","Debit",1,"A999",5,136,1,14,"Asset"
"House & Personal Maintnance A/C","Debit",2,"E020",4,203,1,34,"Expendature"
"Elecricity Charges A/C","Debit",2,"E021",4,179,1,35,"Expendature"
"Children Education Expences  A/C","Debit",2,"E022",4,199,1,36,"Expendature"
"Construction A/c","Debit",2,"E023",4,200,1,37,"Expendature"
"Cash A/C","Debit",1,"A099",5,137,1,12,"Asset"
"Social Service A/c","Debit",2,"E024",4,197,1,38,"Expendature"
"Mr.Srinivasarao Advance  A/c","Credit",1,"L007",1,113,1,61,"Liability"
"Bank (KDCC -59 SB INSTITUTIONS) A/c","Debit",1,"A998",5,138,1,13,"Asset"
"Chalana(Tresury) A/c","Debit",2,"E027",4,190,1,39,"Expendature"
"Field Incentive(DA) A/c","Debit",2,"E028",4,185,1,40,"Expendature"
"Share Capacity Building Fund A/c","Credit",1,"L012",1,101,1,66,"Liability"
"Staff Meeting ExpencesA/c","Debit",2,"E029",4,181,1,41,"Expendature"
"Staff Prizes A/c","Debit",2,"E030",4,182,1,42,"Expendature"
"Mr.P.Prasannakumar advance A/C","Credit",1,"L003",1,107,1,57,"Liability"
"Mrs.P.GnanaSundaramma Advance A/C","Credit",1,"L004",1,109,1,58,"Liability"
"Travelling Allowance A/C","Debit",2,"E031",4,184,1,43,"Expendature"
"Entrance Fee(Mx_ Member) A/C","Credit",3,"I007",3,157,1,52,"Income"
"Agent Admission Fee A/C","Credit",3,"I008",3,158,1,53,"Income"
"Computer Maintanance A/C","Debit",2,"E032",4,193,1,44,"Expendature"
"Grant From Mrs.D.MokshaRani A/c","Credit",1,"L008",1,115,1,62,"Liability"
"Fund(Remittance) A/c","Credit",1,"L001",1,133,0,55,"Liability"
"Interest Payble On Grant of S.munibabu(HDFC) A/C","Credit",1,"L010",1,119,1,64,"Liability"
"Interest Payble On L.Samsonu Grant A/C","Debit",2,"E035",1,125,1,67,"Expendature"
"Mrs.D.MokshaRani Advance A/C","Credit",1,"L014",1,127,1,68,"Liability"
"Interest Payble On Thrift Deposit(RD)A/C","Credit",1,"L015",1,117,1,69,"Liability"
"Telephone Allowance A/C","Debit",2,"E002",4,180,1,16,"Expendature"
"Transport Charges A/C","Debit",2,"E033",4,183,1,45,"Expendature"
"Interest Payble On Mrs.P.GnanaSundari(Gold-RDPK)A/C","Credit",2,"E036",1,121,1,74,"Expendature"
"Interest Payble On S.Varalakshmi(UpFront) A/C","Credit",1,"L017",1,123,1,71,"Liability"
"Interest Payble On Thrift Deposit(Savings) A/C","Credit",1,"L019",1,118,1,73,"Liability"
"Adm.Charges(From SivaShankar) A/c","Credit",1,"I018",3,116,0,72,"Income"
"Entrance Fee A/C","Credit",3,"I010",3,160,1,54,"Income"
"Insurance A/C","Credit",1,"L021",1,137,1,75,"Liability"
"Durgarao Tapimestri A/C","Debit",2,"E034",4,204,0,46,"Expendature"
"Suspance MACS A/C","Debit",1,"L022",2,135,1,76,"Liability"
"Salary Personal A/c","Debit",1,"I023",1,139,1,77,"Income"
"Bank (SBI - 30376019216) A/c","Debit",1,"A888",5,136,1,15,"Asset"
"Daily Allowance A/C","Debit",2,"E037",4,184,1,43,"Expendature"
"Bank (Co-oP HO -         ) A/c","Debit",1,"A997",5,136,1,14,"Asset"
"Bank (Co-oP Bazar -         ) A/c","Debit",1,"A996",5,136,1,14,"Asset"
