FACode,Name,LAmount,BalAmt,Balsc,ROI,LDate,FundType,RepayMode,Typecode,Bal_inst,ACode
"F001","MUNIBABU-HDFC",1.84000000e+05,1.39875859e+05,38489,15,"09/24/10 00:00:00","DirectFund","Monthly","G101",34,"L003"
"F001","MUNIBABU-GOLD",7.80000000e+04,7.80000000e+04,0,15,"10/11/11 00:00:00","DirectFund","Interest","G102",1,"L004"
"F002","LANKAPALLI SAMSONU",5.00000000e+04,5.00000000e+04,0,12,"11/12/11 00:00:00","DirectFund","Interest","G101",1,"L001"
"F003","DOMATOTI MOKSHARANI(Pandu)",3.50000000e+04,3.50000000e+04,0,12,"12/12/11 00:00:00","DirectFund","Monthly","G101",1,"L001"
