CenterCode,Branchcode,Name,Village,RType,RRType,Groups,Members,creat_date,DOC,Distance,Status,U_Code,District,CollDay,FormedBy,MeetPlace,Prev_Creatdate,Split_Inf,Bank,NegetiveSavings,DuringTheWeek,IsArrear,Record,vcode,ActiveMembers
1,"S001","HOUSE LOANS","KRISHNA dist",3,"GL",0,0,"10/06/11 00:00:00",,0,1,"S0001","KRISHNA",1,"S.MUNIBABU","Door To Door",,,"SELF",0,,0,0,,0
2,"S001","GOLD LOANS","POLUKONDA",2,"DIL",0,4,"06/08/08 00:00:00",,13,0,"S0001","KRISHNA",1,"S.MUNIBABU","Chendraiah Drain Polukonda (chenchollu)",,,"SELF",0,,0,0,,0
3,"S001","MORTGAGE LOANS","LINGAVARAM",1,"MEL",0,1,"06/11/09 00:00:00",,4,1,"S0001","KRISHNA",5,"S.MUNIBABU","Individual lending",,,"SELF",0,,0,0,,0
4,"S001","THUMMALAPALLI","THUMMALAPALLI",1,"GL",0,0,"10/01/07 00:00:00","03/22/10 00:00:00",12,0,"S0001","KRISHNA",1,"S.MUNIBABU","MEMBER HOUSE (Madda Rajamani)",,,"SELF",0,,0,0,,0
6,"S001","POLUKONDA","POLUKONDA",1,"GLARR",4,21,"12/07/08 00:00:00",,15,1,"S0003","KRISHNA",6,"S.MUNIBABU","Member House (Maroju Parvathi)",,,"SELF",0,,0,0,,0
7,"S001","SURYAPRAKASHRAO PETA","PEDAVIRIVADA",1,"GL",2,12,"09/23/10 00:00:00",,18,0,"S0001","KRISHNA",4,"S.MUNIBABU","Anganvadi school Yelama Colony",,,"HDFC",0,,0,0,,0
8,"S001","NAKKAVARI PALEM","TAMIRISA",1,"GL",3,13,"02/13/10 00:00:00",,6,1,"S0001","KRISHNA",6,"S.MUNIBABU","School Village last",,,"SELF",0,,0,0,,53
9,"S001","ANAMANAPUDI","ANAMANAPUDI",1,"GL",3,16,"04/16/10 00:00:00",,9,1,"S0002","KRISHNA",6,"S.MUNIBABU","Member House (Talakala Santakumari)",,,"LEND",0,,0,0,,46
10,"S001","TIPPANAGUNTA","TIPPANAGUNTA",1,"GL",0,0,"09/25/19 00:00:00",,20,1,"S0002","KRISHNA",5,"S.MUNIBABU","Member House (SUDHEER)",,,"SELF",0,,0,0,,35
11,"S001","RAMANAPUDI","RIMMANAPUDI",1,"GL",3,0,"11/05/19 00:00:00",,9,1,"S0002","KRISHNA",6,"S.MUNIBABU","Member House (RADHAMMA)",,,"LEND",0,,0,0,,35
14,"S001","SANKARAMPADU","SANKARAMPADU",1,"GL",2,25,"05/11/11 00:00:00",,17,1,"S0001","KRISHNA",2,"S.MUNIBABU","Member House",,,,0,,0,0,,26
15,"S001","BANTUMILLI(Arthamuru)","SUJATHA",1,"GL",1,5,"04/16/12 00:00:00",,50,1,"S0001","KRISHNA",2,"S.MUNIBABU","Online bank Deposits",,,,0,,0,0,,0
16,"S001","SERIGOLVEPALLI","SERGOLVEPALLI",1,"GL",4,20,"05/18/12 00:00:00",,17,1,"S0001","KRISHNA",1,"S.MUNIBABU","Member House",,,,0,,0,0,,27
17,"S001","INDIVIDUAL LENDING","INDIVIDUAL LENDING",1,"MIL",3,16,"10/29/11 00:00:00",,16,1,"S0002","KRISHNA",6,"S.MUNIBABU","Agent",,,"LEND",0,,0,0,,0
19,"S001","GANNAVARAM-B","GANNAVARAM",1,"GL",0,0,"10/31/19 00:00:00",,24,1,"S0001","KRISHNA",1,"S.MUNIBABU","CHURCH",,,"SELF",0,,0,0,19,23
20,"S001","VISWANADRIPALEM-B","VISWANADRIPALEM",1,"GL",1,16,"08/26/19 00:00:00",,24,1,"S0002","KRISHNA",6,"S.MUNIBABU","Agent",,,"LEND",0,,0,0,,20
21,"S001","VENNANAPUDI","NANDIVADA(mdl)",2,"DIL",0,2,"06/08/08 00:00:00",,20,1,"S0001","KRISHNA",1,"S.MUNIBABU","Door to door",,,"SELF",0,,0,0,,0
22,"S001","POTTIPADU","POTTIPADU",1,"GL",0,0,"03/10/20 00:00:00",,28,1,"S0001","KRISHNA",5,"S.MUNIBABU","Member House",,,"SELF",0,,0,0,,19
23,"S001","LELLAPUDI","LELLAPUDI",1,"GL",4,19,"08/28/12 00:00:00",,22,1,"S0001","KRISHNA",1,"S.MUNIBABU","Church",,,,0,,0,0,,48
24,"S001","GURAJA","GURAJA",1,"GL",2,0,"06/21/21 00:00:00",,18,1,"S0001","KRISHNA",0,"S.MUNIBABU","kirana kottu naga",,,,0,,0,0,,53
26,"S001","CHINTALAPUDI","CHINTALAPUDI",1,"GL",4,19,"07/11/13 00:00:00",,22,1,"S0001","KRISHNA",1,"S.MUNIBABU","school",,,,0,,0,0,,38
56,"S001","BETHAVOLU","BETHAVOLU",1,"GL",0,12,"06/20/11 00:00:00",,5,1,"S0001","KRISHNA",1,"S.MUNIBABU","Member House (Tokala. Mani)",,,,0,,0,0,,0
12,"S001","PATA REMALLI -Gudem","REMALLI",1,"GL",0,0,"08/08/19 00:00:00",,24,1,"S0002","KRISHNA",5,"S.MUNIBABU","Member House",,,"LEND",0,,0,0,,37
27,"S001","VADLAMANNADU","VADLAMANNADU",1,"GL",3,15,"11/20/13 00:00:00",,22,1,"S0001","KRISHNA",1,"S.MUNIBABU","Member House (Gudiseva Vani)",,,,0,,0,0,,20
28,"S001","CHITRAM","CHITRAM",1,"GL",4,20,"05/31/14 00:00:00",,18,1,"S0001","KRISHNA",1,"S.MUNIBABU","Member House(Rangamani CenterLeader)",,,,0,,0,0,,38
29,"S001","VADLAMANNADU-School","VADLAMANNADU",1,"GL",3,15,"11/05/14 00:00:00",,22,1,"S0001","KRISHNA",1,"S.MUNIBABU","Governament school",,,,0,,0,0,,4
30,"S001","KORLAPADU","KORLAPADU",1,"GL",3,20,"11/19/14 00:00:00",,26,1,"S0001","KRISHNA",1,"S.MUNIBABU","Colony committee hall",,,,0,,0,0,,20
31,"S001","EEDULAMADDALI-A","EEDULAMADDALI",1,"GL",3,20,"02/12/15 00:00:00",,8,1,"S0001","KRISHNA",5,"S.MUNIBABU","Member House (Sadarla Kamala)",,,,0,,0,0,,70
32,"S001","EEDULAMADDALI-B (NPA)","EEDULAMADDALI",1,"GL",3,20,"04/23/16 00:00:00",,8,1,"S0001","KRISHNA",5,"S.MUNIBABU","COMMITTEE HALL",,,,0,,0,0,,0
33,"S102","VEERAVALLI-Gudem","KRISHNA dist",1,"GL",0,0,"06/20/19 00:00:00",,0,1,"S0002","KRISHNA",1,"S.MUNIBABU","Member House",,,"SELF",0,,0,1,,28
35,"S102","Seri Narasannapalem(Kotha Sitaramapuram)","NARASANNAPALEM",1,"GL",0,0,"02/27/20 00:00:00",,20,1,"S0002","KRISHNA",5,"S.MUNIBABU","Member House",,,"SELF",0,,0,3,,26
57,"S101","ANGALURU ","ANGALURU",1,"GL",0,0,"08/02/21 00:00:00",,0,1,,,0,,,,,,0,,0,0,52,7
36,"S102","MALLAVALLI-A","MALLAVALLI",1,"GL",0,0,"02/28/20 00:00:00",,26,1,"S0002","KRISHNA",5,"S.MUNIBABU","Member House",,,"SELF",0,,0,4,,20
37,"S102","MALLAVALLI-B","MALLAVALLI",1,"GL",0,0,"02/28/20 00:00:00",,26,1,"S0002","KRISHNA",5,"S.MUNIBABU","Member House",,,"SELF",0,,0,5,,26
39,"S102","PEDAGUDEM-Ventrapragada","KRISHNA dist",1,"GL",0,0,"01/31/21 00:00:00",,0,1,"S0002","KRISHNA",1,"KVV SATYAPRASAD","Member House",,,"SELF",0,,0,6,,41
41,"S102","MUDINEPALLI-B","KRISHNA dist",1,"GL",0,0,"04/08/13 00:00:00",,0,1,"S0002","KRISHNA",1,"RAMADASU","Member House",,,"SELF",0,,0,9,,0
42,"S102","CHINTALAMORU","KRISHNA dist",1,"GL",0,0,"04/08/13 00:00:00",,0,1,"S0002","KRISHNA",1,"RAMADASU","Member House",,,"SELF",0,,0,10,,0
43,"S001","KASIPUDI","KASIPUDI",1,"GL",3,6,"07/28/17 00:00:00",,15,1,"S0001","KRISHNA",1,"S.MUNIBABU","ANGANVADI BHAVAN",,,,0,,0,0,,20
44,"S001","EEDULAMADDALI-ST Colony","EEDULAMADDALI",1,"GL",3,6,"08/19/17 00:00:00",,15,1,"S0001","KRISHNA",1,"S.MUNIBABU","Member House",,,,0,,0,0,,15
13,"S001","NANDIVADA","NANDIVADA",1,"GL",1,1,"04/05/21 00:00:00",,8,1,"S0001","KRISHNA",1,"RAMYA","Member House",,,,0,,0,0,,30
46,"S001","SANKARAMPADU-B","SANKARAMPADU",1,"GL",2,25,"12/18/17 00:00:00",,17,1,"S0001","KRISHNA",2,"S.MUNIBABU","Committee hall",,,,0,,0,0,,27
47,"S001","NAKKAVARI PALEM-B","TAMIRISA",1,"GL",3,13,"03/31/18 00:00:00",,6,1,"S0001","KRISHNA",6,"S.MUNIBABU","School Village last",,,"SELF",0,,0,0,,22
48,"S001","KOTHAPALLI","KOTHAPALLI",1,"GL",2,10,"05/02/18 00:00:00",,18,1,"S0001","KRISHNA",6,"S.MUNIBABU","Anganvadi kendram",,,"SELF",0,,0,0,,37
49,"S001","VISWANADRIPALEM","VISWANADRIPALEM",1,"GL",0,0,"07/21/18 00:00:00",,0,1,,,0,,,,,,0,,0,0,49,28
50,"S001","GANNAVARAM","GANNAVARAM",1,"GL",0,0,"09/02/18 00:00:00",,24,1,,,0,,,,,,0,,0,0,50,27
51,"S001","KOTHAPALLI-B ","KOTHAPALLI",1,"GL",0,0,"10/23/18 00:00:00",,0,1,,,0,,,,,,0,,0,0,48,36
52,"S001","VADLAMANNADU-Harijanawada","VADLAMANNADU",1,"GL",3,15,"12/12/18 00:00:00",,22,1,"S0001","KRISHNA",1,"S.MUNIBABU","Governament school",,,,0,,0,0,,23
53,"S001","TAMIRISA Peda malapalli ","TAMIRISA",1,"GL",0,0,"01/19/19 00:00:00",,0,1,,,0,,,,,,0,,0,0,,29
5,"S001","KORRAGUNTAPALEM","KORRAGUNTAPALEM",1,"GL",1,0,"08/05/19 00:00:00",,24,1,"S0001","KRISHNA",1,"S.MUNIBABU","Member House",,,"SELF",0,,0,0,,29
25,"S001","KOTHAPALLI Colony","KOTHAPALLI",1,"GL",2,10,"12/07/19 00:00:00",,18,1,"S0001","KRISHNA",6,"S.MUNIBABU","member house Dakarapu joshmeri",,,"SELF",0,,0,0,,19
34,"S001","PATA REMALLI -B","REMALLI",1,"GL",0,0,"08/08/19 00:00:00",,24,1,"S0002","KRISHNA",5,"S.MUNIBABU","Member House",,,"LEND",0,,0,0,,43
18,"S102","VEERAVALLI-B","KRISHNA dist",1,"GL",0,0,"06/20/19 00:00:00",,0,1,"S0002","KRISHNA",1,"S.MUNIBABU","Member House",,,"SELF",0,,0,1,,13
38,"S102","CHERUVUKOMMU-Ventrapragada","KRISHNA dist",1,"GL",0,0,"01/31/21 00:00:00",,0,1,"S0002","KRISHNA",1,"KVV SATYAPRASAD","Member House",,,"SELF",0,,0,6,,20
45,"S001","PEDAPALAPARRU","PEDAPALAPARRU",1,"GL",2,1,"04/01/21 00:00:00",,17,1,"S0001","KRISHNA",2,"RAMYA","Member House ()",,,,0,,0,0,,8
40,"S001","TAMIRISA Peda malapalli-B","TAMIRISA",1,"GL",0,0,"04/08/21 00:00:00",,5,1,,,6,"S.MUNIBABU","Member House (Tokala. Mani)",,,,0,,0,0,,20
54,"S001","VENNANAPUDI","VENNANAPUDI",1,"GL",0,0,"07/09/21 00:00:00",,8,1,,,0,,,,,,0,,0,0,54,13
55,"S001","THUMMALAPALLI","THUMMALAPALLI",0,,0,0,"04/17/21 00:00:00",,0,1,,,0,,,,,,0,,0,0,,0
58,"S101","PEDAPARUPUDI","PEDAPARUPUDI",1,"GL",0,0,"08/04/21 00:00:00",,0,1,,,0,,,,,,0,,0,0,53,10
59,"S101","CHANDRALA","CHANDRALA",1,"GL",0,0,"09/12/21 00:00:00",,0,1,,,0,,,,,,0,,0,0,55,27
60,"S101","MANTADA","MANTADA",1,"GL",0,0,"08/17/21 00:00:00",,0,1,,,0,,,,,,0,,0,0,57,10
61,"S101","GURIVINDAGUNTA","GURIVINDAGUNTA",1,"GL",0,0,"08/19/21 00:00:00",,0,1,,,0,,,,,,0,,0,0,58,29
62,"S101","KONDIPARRU (PAMARRU)","KONDIPARRU(PAMARRU)",1,"GL",0,0,"08/21/21 00:00:00",,0,1,,,0,,,,,,0,,0,0,59,22
63,"S101","RAMANAPUDI","RAMANAPUDI",1,"GL",0,0,"08/22/21 00:00:00",,0,1,,,0,,,,,,0,,0,0,60,10
64,"S101","NTR COLONY   (PAMARU)","PAMARU (NTR COLONY)",1,"GL",0,0,"08/25/21 00:00:00",,0,1,,,0,,,,,,0,,0,0,62,10
65,"S101","GUDLAVALLERU","GUDLAVALLERU",1,"GL",0,0,"09/10/21 00:00:00",,0,1,,,0,,,,,,0,,0,0,63,30
66,"S101","KOWTAVARAM  - A  ","KOWTAVARAM",1,"GL",0,0,"09/17/21 00:00:00",,0,1,,,0,,,,,,0,,0,0,64,39
67,"S101","PEDASANAGALLU","PEDASANAGALLU",1,"GL",0,0,"09/22/21 00:00:00",,0,1,,,0,,,,,,0,,0,0,65,28
68,"S101","KOMARAVOLU","KOMARAVOLU",1,"GL",0,0,"10/05/21 00:00:00",,0,1,,,0,,,,,,0,,0,0,66,11
69,"S101","BOMMULURU","BOMMULURU",1,"GL",0,0,"12/15/21 00:00:00",,0,1,,,0,,,,,,0,,0,0,67,9
70,"S101","PEDAVIRIVADA","PEDAVIRIVADA",1,"GL",0,0,"04/09/22 00:00:00",,0,1,,,0,,,,,,0,,0,0,70,38
71,"S101","PENJENDRA","PENJENDRA",1,"GL",0,0,"04/25/22 00:00:00",,0,1,,,0,,,,,,0,,0,0,71,31
72,"S101","KONDIPARRU","KONDIPARRU",1,"GL",0,0,"05/25/22 00:00:00",,0,1,,,0,,,,,,0,,0,0,74,0
73,"S101","CHIRICHINTALA","CHIRICHINTALA",1,"GL",0,0,"05/25/22 00:00:00",,0,1,,,0,,,,,,0,,0,0,75,29
74,"S101","MOTURU","MOTURU",1,"GL",0,0,"05/30/22 00:00:00",,0,1,,,0,,,,,,0,,0,0,76,61
75,"S101","KOMARAVOLU ","KOMARAVOLU",0,"GL",0,0,"06/15/22 00:00:00",,0,1,,,0,,,,,,0,,0,0,,31
76,"S101","KVPURAM - A","KANCHARIAVANIPURAM",0,"GL",0,0,"06/14/22 00:00:00",,0,1,,,0,,,,,,0,,0,0,77,33
77,"S101","KVPURAM - B","KANCHARLAVANIPURAM",1,"GL",0,0,"09/02/22 00:00:00",,0,1,,,0,,,,,,0,,0,0,78,10
78,"S101","KURMAPURAM","KURMAPURAM",0,"GL",0,0,"10/29/22 00:00:00",,0,1,,,0,,,,,,0,,0,0,79,37
79,"S101","MOTURU BC COLONY","MOTURU ",0,"GL",0,0,"11/19/22 00:00:00",,0,1,,,0,,,,,,0,,0,0,81,0
80,"S101","NALLAGUNTA","NALLAGUNTA",0,"GL",0,0,"05/25/23 00:00:00",,0,1,,,0,,,,,,0,,0,0,82,42
81,"S101","KORNIPADU","KORNIPADU",0,"GL",0,0,"08/04/23 00:00:00",,0,1,,,0,,,,,,0,,0,0,83,0
82,"S101","DONDAPDU","DONDAPADU",0,"GL",0,0,"09/02/23 00:00:00",,0,1,,,0,,,,,,0,,0,0,84,0
83,"S101","KORNIPADU","KORNIPADU",0,"GL",0,0,"09/08/23 00:00:00",,0,1,,,0,,,,,,0,,0,0,85,0
84,"S101","GANNAVARAM  B","GANNAVARAM B",0,"GL",0,0,"01/11/24 00:00:00",,0,1,,,0,,,,,,0,,0,0,86,0
85,"S101","GOLD COVERING RAMALAKSHMI MONTHLY ","VADLAMANNADU",0,"GL",0,0,"04/06/24 00:00:00",,0,1,,,0,,,,,,0,,0,0,,0
86,"S101","Vadlamannadu-Monthly ","VADLAMANNADU",0,"GL",0,0,"04/30/24 00:00:00",,0,1,,,0,,,,,,0,,0,0,,12
87,"S101","TATTIVARRU","TATTIVARRU",0,"GL",0,0,"06/17/24 00:00:00",,0,1,,,0,,,,,,0,,0,0,87,0
88,"S101","THAKKELLAPADU","THAKKELLA PADU",0,"GL",0,0,"12/28/24 00:00:00",,0,1,,,0,,,,,,0,,0,0,88,0
89,"S101","SURAYA VANI PALEAM","SURAYA VANI PALEAM",0,"GL",0,0,"01/24/25 00:00:00",,0,1,,,0,,,,,,0,,0,0,90,0
90,"S101","Thummalapalli","Thummalapalli",0,"GL",0,0,"02/08/25 00:00:00",,0,1,,,0,,,,,,0,,0,0,91,0
91,"S101","CIRICHINTALA","CIRICHINTALA",0,"GL",0,0,"04/01/25 00:00:00",,0,1,,,0,,,,,,0,,0,0,92,0
