Slno,SmtCode,Name,ShareAmt,Saving,Thrift,Advance
1,"0001","SARIHADDU MUNIBABU",200,3121,0,838754
2,"0282","DONE BEBI",100,2044,0,0
3,"0301A","PONUKUMATI VENKATARAMANA(CL)",100,441,0,167516
4,"0302A","CHINNAM JYOTHI",100,448,0,0
5,"0286","NAKKA KAMALA ",100,2020,0,103738
6,"0287","DONE MARIYAMMA ",100,1729,0,0
7,"0288","INNALA CHANDRA LEELA ",100,1985,0,0
8,"0321","TALAKALA SANTAKUMARI",100,1738,0,0
9,"0326","POLIMETLA PRAMEELA ",100,1692,0,0
10,"0327","ABBURI ARUNAKUMARI ",100,1693,0,0
11,"0328","PILLEM TEREJAMMA (CL)",100,1686,0,0
12,"0330","MOTRU VANITHA",100,1680,0,0
13,"0241","NALLA SITHAMMA",100,385,0,0
14,"0242","YANDRAPU GOWRAMMA ",100,104,0,0
15,"0244","PENKE RAJESWARI (CL)",100,102,0,0
16,"0245","TEEYALA PARVATHI ",100,1476,0,0
17,"0246","CHUKKA SATYAVATHI ",100,104,0,0
18,"0247","CHUKKA ELLAMMA ",100,1227,0,0
19,"0249","GONA MANI ",100,104,0,0
20,"0250","PENKE NUKALAMMA ",100,104,0,0
21,"0243A","SORAGUDI BASAVAMMA",100,788,0,0
22,"0251","CHEKKA PARVATHAMMA",100,104,0,0
23,"0331","POLIMETLA YESUDEEVENAMMA",100,20,0,0
24,"0333","MOTRU SUNITHA ",100,1516,0,0
25,"0335","TADANKI VIJAYANIRMALA ",100,1486,0,0
26,"0252","BACHALA VIJAYAKUMARI ",100,1419,0,0
27,"0292","JANGAM VIJAYA KUMARI ",100,0,0,0
28,"0010","Mrs.D.Anush",100,0,0,0
29,"0336","GANTA BAGHYA RANI ",100,1462,0,0
30,"0011","Mrs.Sridevi",100,0,28320,270113
31,"0295","DASARI BHARATI ",100,0,0,0
32,"1125A","TALAKALA SANTHAKUMARI",100,0,0,0
33,"1132","TOKALA MANI",100,0,0,0
34,"0253","AMBATI SIMHACHALAM",100,104,0,0
35,"0254","CHITIKELA KANAKAMMA",100,166,0,0
36,"0255","PENKE SANYASAMMA ",100,102,0,0
37,"0296","CHEBROLU GNANASUNDARAMMA ",100,1292,0,0
38,"0297","DONE PADMA ",100,1305,0,0
39,"0298","NAKKA NAYOMI ",100,1394,0,0
40,"0299","CHEBROLU SHARMILA ",100,1412,0,0
41,"0329A","PILLEM INDIRA ",100,0,0,0
42,"1142","NAGULLA BHARATHI",100,0,0,0
43,"1145","SONTI MURALIKRISHNA",100,0,0,0
44,"0256","BALAGA DADELAKSHMI",100,104,0,0
45,"0300","NAKKA VIJAYAKUMARI",100,1698,0,0
46,"0290A","NAKKA MARIYAMMA ",100,1221,0,0
47,"0521","RUNAJALA KUMARI (CL)",100,1216,0,0
48,"0522","NULU JYOTHI ",100,1230,0,0
49,"0523","RUNJALA RAMADEVI ",100,1220,0,0
50,"0524","PULI VIJAYALALITHA ",100,1217,0,0
51,"0525","RUNJALA MARIYAMMA ",100,1218,0,0
52,"0526","NULU PARISHUDDAM",100,1217,0,0
53,"0527","RUNJALA MARIYAMMA",100,1217,0,0
54,"0528","LANKAPALLI JOHNSI ",100,0,0,0
55,"0529","TULIMELLI SOWJANYA ",100,0,0,0
56,"0530","RUNJALA NIRMALA ",100,0,0,0
57,"05061","DOMATOTI VENKATESWARARAO",100,0,0,0
58,"0531","RUNJALA JOJIKUMARI ",100,1238,0,0
59,"0532","TOKALA DEVAMATHA ",100,1212,0,0
60,"0533","RUNJALA PRASANTHI ",200,1226,0,0
61,"0534","JANGAM VIJAYALAKSHMI ",200,0,0,0
62,"0535","BATTU VIJAYALAKSHMI ",200,0,0,0
63,"0536","BURRA DANAMMA ",200,1231,0,0
64,"0537","RUNJALA DEVAMANI ",200,1226,0,0
65,"0538","CHINATA MERIMMA ",200,1219,0,0
66,"0539","GUMMADI NEELAMMA ",200,1212,0,0
67,"0540","JANGAM SUNDARAMMA ",200,0,0,0
68,"0301","DAGANI KOTESWARAMMA ",200,0,0,0
69,"0003","LANKAPALLI JAYARAJU",200,0,0,0
70,"0004","ANDUGULA SRINIVASARAO",200,0,0,0
71,"0005","NATTA RANGARAO",200,0,0,0
72,"0006","PIDIGE HEMALATHA",200,0,0,0
73,"0303","CHEBROLU KUMARI ",200,971,0,0
74,"0541","PULAVARTHI VENKATARAMANA(CL)",200,1252,0,0
75,"0542","BATTU SAROJINI ",200,1251,0,0
76,"0543","PANDULA VASANTHA ",200,1222,0,0
77,"0544","CHINTA APARANJAMMA ",200,1222,0,0
78,"0545","RUNJALA PARISHUDDAM ",200,1233,0,0
79,"0008","S.SRINIVASARAO",200,0,0,342259
80,"0007","D.MOKSHARANI",200,0,0,0
81,"0304","GANTA VENKATESWARAMMA ",200,0,0,0
82,"0284A","INTI PRASANTHI ",200,1295,0,0
83,"0009","S.MANERAO",200,219,0,54908
84,"0323A","PONUKUMATI RATNAKUMARI ",200,1139,0,0
85,"0549A","PULAVARTHI NIREEKSHANA",200,265,0,0
86,"0337","PILLEM LEELA ",200,1057,0,0
87,"0546","PULI KOTAMMA ",200,1171,0,0
88,"0547","BATTU MARIYAMMA ",200,1164,0,0
89,"0548","CHINTA BAVITHA ",200,1190,0,0
90,"0549","MEDEPALLI VIJAYAKUMARI ",200,0,0,0
91,"0550","KAMBAM MUNNI ",200,0,0,0
92,"0307","NAGADESI SIRISHA ",200,0,0,0
93,"0308","KANCHARLA RAJANI ",200,0,0,0
94,"0338","ERIKIPATI JAYALAKSHMI ",200,1026,0,0
95,"0339","MOTRU SUJATHA ",200,1025,0,0
96,"0257","VADDIPOGU GNANESWARI ",200,92,0,0
97,"0340","TADANKI RATNAKUMARI ",200,1029,0,0
98,"0341","INTI DEVAMATHA ",200,1004,0,0
99,"0309","MADDULURI NEELIMA ",200,0,0,0
100,"0322A","MOTRU PUSHPALATHA ",200,1002,0,0
101,"0561","SUSEELA KAGITHA ",200,0,0,0
102,"0562","NAGALAKSHMI KAGITHA ",200,0,0,0
103,"0563","RAMAKRISHNA MOTUKURI ",200,0,0,0
104,"0564","BUJJI KESANI ",200,0,0,0
105,"0565","RAMADEVI PADAMATI(Nancharaiah-son)",200,0,0,0
106,"0222","VALLE ROJA",200,0,0,0
107,"0601","INTI BAGHYAMERI",200,1385,0,0
108,"0602","MEDEPALLI RANI (CL)",200,1255,0,0
109,"0603","BATHULA YESUDEEVENAMMA",200,1461,0,0
110,"0604","CHEBROLU ROJAPUSHPAKUMARI",200,1269,0,0
111,"0605","RUNJALA ROJAPUSHPAM ",200,1248,0,0
112,"0606","CHEBROLU SYAMALA ",200,0,0,0
113,"0607","GANTASALA MARGARETU ",200,1215,0,0
114,"0608","MANDAPATI VIJAYANIRMALA ",200,1215,0,0
115,"0609","AMARTHALA SUNITHA ",200,1215,0,0
116,"0610","SIDDELA MARIYAMMA ",200,1269,0,0
117,"0611","MADDALA GNANASUNDARAMMA ",200,1288,0,0
118,"0612","CHEBROLU CRISTIYANAMMA ",200,1229,0,0
119,"0613","JAKKULA DEVAMATHA",200,1281,0,0
120,"0614","MOGADATI MARTHAMMA ",200,1220,0,0
121,"0615","MADDALA MERI ",200,1231,0,0
122,"0616","MUTYALA NAGAMALLI ",200,1216,0,0
123,"0617","KONDETI AGNESAMMA ",200,1215,0,0
124,"0618","MOGADATI RAJAMMA ",200,1369,0,0
125,"0619","YALA MERI ",200,1215,0,0
126,"0620","CHEBROLU JOHNSI ",200,1220,0,0
127,"0621","RUNJALA TEKULAMMA ",200,1269,0,0
128,"0622","MOGADATI SUNITHA ",200,1229,0,0
129,"0623","MADDALA USHARANI ",200,0,0,0
130,"0624","VEERABATTINA SWARNAKUMARI ",200,1252,0,0
131,"0625","INTI SUVARNA ",200,1259,0,0
132,"028","Palli Swapna (Ramesh)",200,0,0,0
133,"0566","MANGAMMA KAGITHA ",200,0,0,0
134,"0567","KRISHNAVENI BOLLA",200,0,0,0
135,"0568","NAGALAKSHMI NAGULA ",200,0,0,0
136,"0569","NAGALAKSHMI KESANI ",200,0,0,0
137,"0570","HANUMAYAMMA BADUGU ",200,0,0,0
138,"0571","VEERAMM KESANI ",200,0,0,0
139,"0572","SESHAMMA KATTA  ",200,0,0,0
140,"0573","NAGAMANI KESANI ",200,0,0,0
141,"0574","VENKATESWARAMMA NAGULA",200,0,0,0
142,"0575","AMALESWARI MURRALA ",200,0,0,0
143,"0551","DASARI ANITHA",200,993,0,0
144,"0552","PANDULA MERIRUTHAMMA",200,962,0,0
145,"0553","PULI BEBIMADUBALA",200,965,0,0
146,"0554","BATTU MARTHAMMA",200,962,0,0
147,"0555","PILLEM SUVARNABAYAMMA",200,0,0,0
148,"0556","KAMBAM MERAMMA",200,968,0,0
149,"0881","CHELI BRIJETAMMA",200,1015,0,0
150,"0882","GUNDABATTINA RAMANA ",200,1017,0,0
151,"0883","BONAGIRI PADMALATHA ",200,1013,0,0
152,"0884","MADDULA DURGA ",200,1013,0,0
153,"0885","GOVADA MARTHAMMA ",200,1117,0,0
154,"0886","GUNDABATTINA MADHU ",200,1014,0,0
155,"0887","VASIPALLI ESTERURANI ",200,1013,0,0
156,"0888","BAYIREDDY JYOTHI ",200,1013,0,0
157,"0889","TUMETI RANI ",200,1013,0,0
158,"0890","KATRU ANJALI ",200,1033,0,0
159,"0891","GUNDABATTINA BAGHYALAKSHMI ",200,1035,0,0
160,"0892","TUMETI PRASANTHI KUMARI ",200,0,0,0
161,"0893","BADUGU MERI ",200,1013,0,0
162,"0894","CHODADASI TABITAKUMARI ",200,1013,0,0
163,"0895","GUNDABATTINA NAGAMANI ",200,1018,0,0
164,"0896","PALLIKONDA SALOMI ",200,0,0,0
165,"0897","MANNEPALLI ALFUNCE ",200,0,0,0
166,"0898","DASARI ELIJABETHRANI ",200,1013,0,0
167,"0899","MALLEMPALLI JHANSI ",200,1013,0,0
168,"0900","MANNEPALLI MERISANTOSHAM ",200,1017,0,0
169,"0623A","VEERABATTINA DEVAMANI ",200,1005,0,0
170,"0901","GOVADA KUMARI ",200,945,0,0
171,"0902","MANNEPALLI KRANTHI ",200,0,0,0
172,"0903","MANNEPALLI JYOTHY",200,933,0,0
173,"0904","GOVADA SWARUPARANI ",200,930,0,0
174,"0905","CHELI SANTAKUMARI",200,0,0,0
175,"0962A","Gnanasundaramma",200,0,0,0
176,"0905A","GOVADA SAROJA",200,930,0,0
177,"0606A","CHEBROLU ANITHA",200,619,0,0
178,"1001","MANEPALLI JYOTHI ",200,375,0,0
179,"1002","BODDU SAROJINI",200,369,0,0
180,"1003","VAMPUGADDA MARTHAMMA",200,369,0,0
181,"1004","VARA PRAKASAMMA ",200,369,0,0
182,"1005","PONGULETI BEBI ",200,369,0,0
183,"1006","CHIGURUPATI MANIKYAMMA ",200,369,0,0
184,"1007","CHIGURUPATI PADMAVATHI ",200,375,0,0
185,"1008","VUCHULA RATNAKUMARI ",200,376,0,0
186,"1009","NUNNA BEBI ",200,369,0,0
187,"1010","PONGULETI MARIYAMMA ",200,369,0,0
188,"1011","CHIGURUPATI JAMAYAMMA ",200,369,0,0
189,"1012","PALLAPATI KUMARI ",200,369,0,0
190,"1013","VUCHULA CHINNARI ",200,371,0,0
191,"1014","CHIGURUPATI JOSHPHIN ",200,369,0,0
192,"1015","VAMPUGADDA SIRISHA ",200,369,0,0
193,"1016","VAMPUGADDA MERI ",200,371,0,0
194,"0528A","NAKKA KAMALA",200,379,0,0
195,"0535A","DASARI ESTERURANI",200,379,0,0
196,"0550A","JAVVADI ANITHA",200,390,0,0
197,"1017","MANNEPALLI KAMALABAYAMMA",200,349,0,0
198,"1018","KUNATHI DEEVENAMMA ",200,297,0,0
199,"1019","YANGALA SUGUNAMMA",200,245,0,0
200,"0626","INTI ASASRI",200,388,0,0
201,"0627","MADDALA ELIJABETTAMMA",200,318,0,0
202,"0628","MOGADATI DURGA",200,363,0,0
203,"0629","THOTA JOHNSI",200,410,0,0
204,"0630","BADUGU PRAMEELARANI ",200,615,0,0
205,"0897A","GOVADA SUNITHA",200,245,0,0
206,"0902A","DASARI VENKATESWARAMMA",200,245,0,0
207,"0530A","BURRA MARIYAMM",200,194,0,0
208,"0540A","JANGAM ANJALI",200,1212,0,0
209,"1041","GUDISEVA VANI",200,194,0,0
210,"1042","SINGAMSETTI LAKSHMI ",200,194,0,0
211,"1043","SINGAMSETTI KRISHNAKUMARI ",100,194,0,0
212,"1044","SINGAMSETTI SUREKHA ",100,194,0,0
213,"1045","SINGAMSETTI VEERAKUMARI ",100,194,0,0
214,"1046","PULLETI NAGAKRISHNAKUMARI ",100,194,0,0
215,"1047","CHINTALA RAMALAKSHMI ",100,194,0,0
216,"1048","THOTA ANNAPURNA ",100,224,0,0
217,"1049","THOTA ANURADHA ",100,224,0,0
218,"1050","MADASU DHANALAKSHMI ",100,194,0,0
219,"1051","ADAPA LAKSHMI ",100,194,0,0
220,"1052","AVULA LAKSHMI ",100,194,0,0
221,"1053","KROVI ANURADHA ",100,204,0,0
222,"1054","YADALA NAGABALAJI ",100,194,0,0
223,"1055","THOTA NAGAMANI ",100,214,0,0
224,"1056","MANDA NAGAMANI ",100,163,0,0
225,"1057","MANDA DHANALAKSHMI ",100,163,0,0
226,"1058","KROVI SATYAVATHI ",100,194,0,0
227,"1059","THOTA ASWINI KUMAR ",100,163,0,0
228,"1060","THOTA NAGAPUSHPAVATHI ",100,163,0,0
229,"1061","CHITTURI.B.N.V.K.SOUNDARY ",100,163,0,0
230,"1062","VALLABAPURAPU VIMALAMMA ",100,235,0,0
231,"1063","VALLABAPURAPU BRAMARAMBA ",100,163,0,0
232,"1064","THOTA VENKATA SUBBAMMA ",100,163,0,0
233,"1065","THOTA SEETHARAVAMMA ",100,163,0,0
234,"1071","PULLETI NANCHARAMMA ",100,71,0,0
235,"0892A","CHELI SRAVANI",100,86,0,0
236,"1066","MARRIVADA RAMALAKSHMI ",100,61,0,0
237,"1067","BURAGADDA KUMARI ",100,61,0,0
238,"1068","BANDARI ANKAMMA ",100,61,0,0
239,"1069","DASARI NAGALAKSHMI ",100,61,0,0
240,"1070","ARIGE KANAKADURGA ",100,61,0,0
241,"0906","GOVADA JOHNSIRANI",100,73,0,0
242,"0342","POLIMETLA AKHILASRI ",100,61,0,0
243,"1072","ACHYUTA DHANALAKSHMI ",100,10,0,0
244,"0283B","MENDEM SALOMI",100,10,0,0
245,"0343","MOTRU MEENA",100,10,0,0
246,"1073","ACHYUTA RAMANAKUMARI ",100,0,0,0
247,"1074","PENTA RAMANAMMA ",100,0,0,0
248,"1075","ARIGE SYAMALA ",100,0,0,0
249,"0534A","NULU SASIKALA ",100,0,0,0
250,"1102002","SARIHADDU SRINIVASARAO",100,0,1061,0
251,"1102004","POLIMETLA PRASANNAKUMAR",100,0,1061,0
252,"1102005","S.SRILATHA",100,0,1983,0
253,"1102006","P.GNANASUNDARAMMA",100,0,1061,0
254,"1102007","P.HEMALATHA",100,0,1061,0
255,"1102008","NATTA RANGARAO",100,0,1061,0
256,"1102009","LANKAPALLI JAYARAJU",100,0,1061,0
257,"1102010","S.VARALAKSHMI",100,0,1061,0
258,"1103101","PONUKUMATI VENKATARAMANA",100,0,4636,0
259,"1103102","DONE BEBI",100,0,3257,0
260,"1103103","TULIMELLI PRASANNAKUMARI",100,0,637,0
261,"1103104","JANGAM VIJAYAKUMARI",100,0,3798,0
262,"1103105","DONE SRAVANTHI",100,0,1071,0
263,"1103106","DONE MARTHAMMA",100,0,3520,0
264,"1103107","TAPPITA SAROJINI",100,0,160,0
265,"1103108","TAPPITA RAVIKUMAR",100,0,42,0
266,"1103109","DONE PADMA",100,0,2928,0
267,"1103110","DONE MERIMMA",100,0,1008,0
268,"1103111","DASARI BHARATI",100,0,4488,0
269,"1103112","REMALLI BHARGAVI",100,0,1825,0
270,"1103113","NAKKA VIJAYAKUMARI",100,0,0,0
271,"1103114","NAKKA MARIYAMMA",100,0,0,0
272,"1103115","CHINNAM RUTHUMMA",100,0,637,0
273,"1103116","NAKKA JOJIMERI",100,0,222,0
274,"1103117","MADDULURI CHINTAMANI",100,0,753,0
275,"1103124","ABBURI ARUNAKUMARI",100,0,3873,0
276,"1103125","TALAKALA SANTHAKUMARI",100,0,913,0
277,"1103126","PILLEM INDIRA",100,0,11406,0
278,"1103127","ARJA SYAMALA",100,0,955,0
279,"1103128","KARIKATLA ANILKUMAR",100,0,329,0
280,"1103118","P.VENKATARATNAM",100,0,0,0
281,"1103119","N.VANI",100,0,637,0
282,"1103120","N.KIRAN",100,0,0,0
283,"1103121","N.SEETHA",100,0,637,0
284,"1103122","M.NARAYANA",100,0,0,0
285,"1103123","NALLA MURTHI RAJU",100,0,0,0
286,"1103130","PILLEM LEELA",100,0,10,0
287,"1103131","MIRIYALA SANTHKUMARI",100,0,10,0
288,"1103132","TOKALA MANI",100,0,3947,0
289,"1103133","PILLEM TEREJAMMA",100,0,329,0
290,"1103134","SIDDANI LAKSHMI",100,0,647,0
291,"1103129","NAKKA JAYALAKSHMI",100,0,11385,0
292,"1104135","CHEBROLU ANANDARAO",100,0,116,0
293,"1104136","CHEBROLU SHARMILA",100,0,0,0
294,"1104137","NAKKA NAYOMI",100,0,817,0
295,"1104138","NAGADESI PRASAD",100,0,318,0
296,"1104139","CHEBROLU GNANASUNDARAMMA",100,0,1221,0
297,"1104140","CHEBROLU RAJU",100,0,106,0
298,"1104141","MEDEPALLI KORNELUBABU",100,0,10,0
299,"1104142","NAGULLA BHARATHI",100,0,976,0
300,"1104143","SONTI INDIRA",100,0,10,0
301,"1104144","JARUGUMELLI BABURAO",100,0,10,0
302,"1104145","SONTI MURALIKRISHNA",100,0,541,0
303,"1104146","TALARI SUJATHA",100,0,1295,0
304,"1104147","TALARI INDIRA",100,0,647,0
305,"1105148","INTI VIMALAMMA",100,0,647,0
306,"1106150","G.SIVALEELA",100,0,0,0
307,"1106151","S.SAILAKSHMI",100,0,0,0
308,"1106152","VELAGAPALLI KIRANKUMAR",100,0,0,0
309,"1106153","INTI RAVIKUMAR",100,0,0,0
310,"1106154","VANGA MANJULA BAYAMMA",100,0,0,0
311,"1106155","REDDY LAKSHMI",100,0,0,0
312,"1106156","K.RANI",100,0,0,0
313,"1106157","MANDA KUMARI",100,0,0,0
314,"1106158","NAGULLA DURGARAO",100,0,0,0
315,"1106159","NAGULLA DEVI",100,0,318,0
316,"1106160","MUVVA SUJATHA",100,0,318,0
317,"1106161","KATARI RAMANAMMA",100,0,318,0
318,"1107149","MOTRU VANITHA",100,0,106,0
319,"1110150","NIRMALAKUMARI DUBA",100,0,424,0
320,"1110151","PARVATHI DUBA",100,0,106,0
321,"1110152","JANAKI KOTE",100,0,1273,0
322,"1110153","JOHN KOTE",100,0,0,0
323,"1110154","NAGARAJU KOTE",100,0,849,0
324,"1110155","SUBBARAO KURELL",100,0,0,0
325,"1110156","RAJAMMA BOTTU",100,0,0,0
326,"1110157","SRINIVASARAO PONGULETI",100,0,0,0
327,"1110158","ASEERVADAM GALANKI ",100,0,0,0
328,"1110159","BEBIMMA PONGULETI ",100,0,180,0
329,"1110160","SAROJINI GUNDABATTINA",100,0,0,0
330,"1110161","NAGAMALLI GURAJA ",100,0,796,0
331,"1110162","SIRISHA GADIDESI ",100,0,796,0
332,"1110163","MARIYAMMA TEETLA ",100,0,0,0
333,"1110164","MARKU GALANKI",100,0,212,0
334,"1110165","NAGARAJU MUTYALA",100,0,0,0
335,"1110166","SAMBASIVUDU KONDE ",100,0,0,0
336,"1110167","MARIYAMMA MUTYALA ",100,0,0,0
337,"1110168","JOJI MUTYALA ",100,0,0,0
338,"1110169","CHINNA MUTYALA ",100,0,318,0
339,"1110170","MERI MUTYALA ",100,0,318,0
340,"1110171","RANI MUDIDIDDI ",100,0,0,0
341,"1110172","G.CHAYA DEVI",100,0,372,0
342,"1110173","VENKATESWARAMMA NILAPALA ",100,0,478,0
343,"1110174","SRINIVASARAO MADAPATI ",100,0,796,0
344,"1110175","MATAMMA GUDIKANDULA ",100,0,2388,0
345,"1110176","BALAKRISHNA BASIGIRI ",100,0,1114,0
346,"1110177","NAGAMALLESWARI BODAVULA",100,0,0,0
347,"1110178","BUJJAMMA GUDIKANDULA ",100,0,0,0
348,"1110179","VENKATESWARARAO JONNADULA ",100,0,0,0
349,"1110180","MEHERUNNISA MAHAMMAD ",100,0,478,0
350,"1110181","NAGAMALLESWARI SAYILA ",100,0,530,0
351,"1110182","PANDU TIRUMANI ",100,0,0,0
352,"1110183","NAGESWARAMMA AMARTHALA",100,0,0,0
353,"1110184","KOTESWARAMMA KARE ",100,0,0,0
354,"1110185","NARESH DUBA ",100,0,0,0
355,"1110186","NAGARAJU MUTYALA ",100,0,0,0
356,"1205347","S.MANERAO",100,0,0,0
357,"1205348","S.SRINIVASARAO",100,0,0,0
358,"1111187","SRINIVASARAO VINNAKOTA",100,0,0,0
359,"1111188","ADILAKSHMI VINNAKOTA ",100,0,0,0
360,"1111189","NAGALAKSHMAIAH VINNAKOTA ",100,0,0,0
361,"1111190","SOVAMMA VINNAKOTA ",100,0,0,0
362,"1111191","BHADRAMMA VINNAKOTA ",100,0,0,0
363,"1111192","VEERAKUMARI VINNAKOTA ",100,0,0,0
364,"1111193","SWAROOPA MUGANTI",100,0,0,0
365,"1111194","NAGALAKSHMI MADAPATI ",100,0,796,0
366,"1111195","KRISHANAKUMARI PINDIBOINA ",100,0,2388,0
367,"1111196","VENKATESWARAMMA BODAVULA ",100,0,0,0
368,"1111197","VENKATESWARAMM KADAVAKOLLU ",100,0,637,0
369,"1111219","YESUPADAM TOKALA",100,0,212,0
370,"1111220","RAJASEKHAR TOKALA ",100,0,0,0
371,"1111221","SANTAKUMARI ARJA ",100,0,0,0
372,"1111222","SARAMMA  ",100,0,0,0
373,"1111223","RAJASULOCHANA TOKALA ",100,0,0,0
374,"1111224","LALITHAKUMARI BODDU",100,0,0,0
375,"1111225","DHANALAKSHMI.B ",100,0,0,0
376,"1111226","PALLAVI POLUKONDA ",100,0,0,0
377,"1111227","VIMALA TOKALA ",100,0,0,0
378,"1111228","SATYABHAMA RAYALA ",100,0,0,0
379,"1111198","JOHNSI TUMMIDI",100,0,0,0
380,"1111199","SANTHI KAGITHA ",100,0,0,0
381,"1111200","SEETHAMAHALAKSHMI MURALA ",100,0,0,0
382,"1111201","NAGASIVA MODUGUMUDI ",100,0,0,0
383,"1111202","NAGAMALLESWARAMM MODUGUMUDI ",100,0,0,0
384,"1111203","VARALAKSHMI POSINA ",100,0,0,0
385,"1111204","HYMAVATHI TATA ",100,0,0,0
386,"1111205","SOMAIAH KAPAVARAPU ",100,0,318,0
387,"1111206","SUVARCHALA DEVI ALAPATI ",100,0,212,0
388,"1111207","NANCHARAMM GOLKONDA ",100,0,955,0
389,"1111208","SIVAKRISHNA CHINAMUTTEVI ",100,0,0,0
390,"1111209","NAGAMALLESWARI CHIMUTTEVI ",100,0,424,0
391,"1111210","MALLESWARI CHINAMUTTEVI ",100,0,0,0
392,"1111211","NAGABHUSHANAM CHINAMUTTEVI ",100,0,637,0
393,"1111212","GAYATHRI POSINA",100,0,0,0
394,"1111213","VENKANNA CHENNURI ",100,0,0,0
395,"1111214","UMAMAHESWARI DEVARAPALLI ",100,0,0,0
396,"1111215","CHITTITALLI DASARI ",100,0,955,0
397,"1111216","NAGALAKSHMI KAPAVARAPU ",100,0,955,0
398,"1111217","USHARANI NEMMALA ",100,0,0,0
399,"1111218","SRISWATHI NEMMALA ",100,0,0,0
400,"1111229","BALANAGAMMA BALAPATI",100,0,0,0
401,"1111230","SAMBASIVUDU KONDA ",100,0,0,0
402,"1111231","NAVEENA VARIGANJI",100,0,318,0
403,"1111232","BABURAO LINGAM ",100,0,0,0
404,"1111233","NALLARAO DASARI ",100,0,0,0
405,"1111234","KOTESWARAMMA GARIKAMUKKA ",100,0,0,0
406,"1111235","GNANASUNDARI GARIKAMUKKA ",100,0,637,0
407,"1111236","BHAYAMMA MUTYALA ",100,0,424,0
408,"1111237","NIRMALA KAILE",100,0,1273,0
409,"1111238","RAMARAO PONGULETI ",100,0,637,0
410,"1111239","BUJJIRAJU KURELLA ",100,0,0,0
411,"1111240","KARUNA KORAGANTA ",100,0,637,0
412,"1111241","GANGADHARARAO CHIRUKOTA",100,0,318,0
413,"1111242","NAGABUSHANAM GOGULAMUDI ",100,0,0,0
414,"1111243","PRABHAVATI CHIGURUPALLI ",100,0,1273,0
415,"1111244","NEELIMA KOTE ",100,0,0,0
416,"1111245","PRASANNAKUMARI PESANAGANTI",100,0,0,0
417,"1111246","RAGHAVAMMA GUDIKANDULA ",100,0,0,0
418,"1111247","SAVITRI VADLAMANNADU ",100,0,0,0
419,"1111248","RATNATULASI VAKKALAGADDA ",100,0,318,0
420,"1111249","RAGHAVAMMA PEETALA ",100,0,212,0
421,"1111250","ANKALAMMA NEELAPALA ",100,0,478,0
422,"1111251","VENKATESWARAMMA BOLLA",100,0,1910,0
423,"1111252","SUSEELA KAGITHA ",100,0,2228,0
424,"1111253","SAMBAMURTHI KAGITHA ",100,0,1910,0
425,"1111254","KANAKADURGA POLAGANI",100,0,637,0
426,"1111255","MANGAMMA KAGITHA ",100,0,0,0
427,"1111256","NAGALAKSHMI KESANA ",100,0,2228,0
428,"1111257","NAGARAJU TOKALA ",100,0,1910,0
429,"1111258","KRISHNAVENI BOLLA",100,0,0,0
430,"1111259","NAGALAKSHMI KAGITHA ",100,0,1910,0
431,"1111260","NAGALAKSHMI NAGULA ",100,0,0,0
432,"1111261","NAGALAKSHMI KESANI ",100,0,0,0
433,"1111262","MALLESWARI NAGULA ",100,0,1591,0
434,"1111263","RAMAKRISHNA MOTUKURI ",100,0,2228,0
435,"1111264","NARASIMHARAO POLAGANI ",100,0,637,0
436,"1111265","HANUMAYAMMA BADUGU ",100,0,0,0
437,"1111266","ADILAKSHMI KESANI ",100,0,1910,0
438,"1111267","VEERAMM KESANI ",200,0,0,0
439,"1111268","BUJJI KESANI ",200,0,1910,0
440,"1111269","SIVANAGAKRISHNA NAGULA ",200,0,1591,0
441,"1111270","RAMADEVI PADAMATI ",200,0,0,0
442,"1111271","SESHAMMA KATTA  ",200,0,0,0
443,"1111272","NAGAMANI KAGITHA ",200,0,1910,0
444,"1111273","KAMALA POLAGANI",200,0,743,0
445,"1111274","SEETHAMAHALAKSHMI MOTUKURI ",200,0,743,0
446,"1111275","NAGAMANI KESANI ",200,0,0,0
447,"1111281","VENKATESWARAMMA KAGITA",200,0,1591,0
448,"1111282","VENKATESWARAMMA KAGITA",200,0,637,0
449,"1111283","JOGESWARAMM PALAGANI ",200,0,318,0
450,"1111284","CHANDRAMMA THATA",200,0,1273,0
451,"1111285","RAMADEVI PADAMATI",200,0,1910,0
452,"1111286","NAGAMALLI KAGITHA",200,0,1910,0
453,"1112288","VVSMALLIKARJUNARAO CHINAMUTTEVI",200,0,0,0
454,"1112289","NAGARAJU CHINAMUTTEVI ",200,0,318,0
455,"1112290","VENKATA NAGA JYOTHI REGIMUDI ",200,0,637,0
456,"1112287","RAJU GUNDABATTINA",200,0,1273,0
457,"1112291","INTI PRASANTHI",200,0,615,0
458,"1112292","NAGAMALLI KAGITHA",200,0,424,0
459,"1112293","POTURAJU YARLAGADDA",200,0,0,0
460,"1112294","NAGARAJU JAMPANI ",200,0,0,0
461,"1112295","RAMACHANDRARAO YARLAGADDA ",200,0,0,0
462,"1112296","BABURAO BOLLA ",200,0,0,0
463,"1112297","MOHANRAO JAMPANI ",200,0,0,0
464,"1112298","MAHESH INAMPUDI ",200,0,0,0
465,"1112299","MADHAVARAO INAMPUDI ",200,0,0,0
466,"1112300","NAGALAKSHMI MONIPATI ",200,0,0,0
467,"1112301","SAILATHA PAMARTHI",200,0,0,0
468,"1112302","AMMULU BOLLA ",200,0,318,0
469,"1112303","SUMITRA PAMARTHI ",200,0,318,0
470,"1112304","KANAKADURGA ",200,0,0,0
471,"1112305","VENKATALAKSHMI VEERAL ",200,0,637,0
472,"1112306","VENKATALAKSHMI VEERAL ",200,0,637,0
473,"1112307","B.MANGATAYARU ",200,0,0,0
474,"1112308","NAGAMANI DERANGALA ",200,0,637,0
475,"1112309","RAMANAMMA DERANGALA ",200,0,0,0
476,"1112310","JAYALAKSHMI MUTTIREDDY ",200,0,0,0
477,"1112313","PILLA.LAKSHMI KUMARI",200,0,0,0
478,"1112314","VARALAKSHMI BORA ",200,0,106,0
479,"1112315","LAKSHMI BORRA",200,0,0,0
480,"1112316","RANGARAO BORRA ",200,0,0,0
481,"1112317","ANURADHA MURALA ",200,0,0,0
482,"1112318","NAGESWARAMMA MATTA ",200,0,0,0
483,"1112319","NAGALAKSHMI MATTA ",200,0,0,0
484,"1112320","BAGHYARAJU YARLAGADDA ",200,0,0,0
485,"1112321","VENKATESWARAMMA RAJULAPATI ",200,0,0,0
486,"1112322","NAGAMANI VEERANKI ",200,0,0,0
487,"1112323","RAJU MATTA ",200,0,0,0
488,"1112324","BADRACHALAM KAGITHA ",200,0,0,0
489,"1112325","NAGALAKSHMI NARAGANI",200,0,0,0
490,"1112326","SEETHAMMA KAGITHA  ",200,0,530,0
491,"1112327","NAGAMALLESWARI KAGITHA",200,0,1379,0
492,"1112311","RAMBAYAMMA DEVARAPALLI",200,0,318,0
493,"1112312","NAGAMALLESWARAMMA KAGITHA",200,0,318,0
494,"1112328","VENKATESWARAMMA NAGULA",200,0,2228,0
495,"1112329","DESAMMA POLAGANI ",200,0,1273,0
496,"1112330","AMALESWARI MURRALA ",200,0,2228,0
497,"1112331","LAKSHMIDURGA KAGITHA ",200,0,1273,0
498,"1112332","RAJASRI DAKARAPU",200,0,637,0
499,"1112333","SUBBARAO GUDE ",200,0,106,0
500,"1112334","BAGHYALAKSHMI PAMARTHI",200,0,3183,0
501,"1112335","MD.BIJOHNBHI",200,0,318,0
502,"1112336","SK.KHASIM BHI ",200,0,1910,0
503,"1112337","SK.MEERA BHI ",200,0,424,0
504,"1112338","SK.NABEELA ",200,0,0,0
505,"1112339","BEBI SAROJINI KALAPALA ",200,0,1273,0
506,"1112340","BEBI SAROJINI SINGU ",200,0,318,0
507,"1112341","SHAIK.MEERA BHI ",200,0,318,0
508,"1201342","KANAKADURGA CHINAMUTTEVI",200,0,0,0
509,"1201343","MANEMMA RAVURI",200,0,106,0
510,"1201344","SK.MASTAN BHI",200,0,318,0
511,"1201345","MD.NAGUR",200,0,84,0
512,"1201346","TAHIRUNNISA",200,0,955,0
513,"1205349","POLIMETLA GNANASUNDARI",200,0,21218,95113
514,"1209350","INALA CHANDRALEELA",200,0,160,0
515,"1304351","TALARI CHAITANYA",200,0,318,0
516,"1304352","DUPPATI SWARNALATHA ",200,0,148,0
517,"1304353","KAKARA MERI ",200,0,1251,0
518,"1304354","NAKKA KAMALA ",200,0,1251,0
519,"1304355","G.ANUSHA",200,0,297,0
520,"1310356","CH.CRISTIYANAMMA",200,0,1854,0
521,"1310357","MUTYALA NAGAMALLI",200,0,1318,0
522,"1310358","CHEBROLU ROJAPUSHPAM",200,0,1700,0
523,"1310359","RUNJALA ROJAPUSHPAM",200,0,1854,0
524,"1310360","YALLA MERI",200,0,1854,0
525,"1310361","CHEBROLU ANITHA",200,0,1236,0
526,"1310362","INTI BAGHYAMERI",200,0,433,0
527,"1310363","MOGADATI RAJAMMA",200,0,103,0
528,"1310364","CHEBROLU JOHNSI",200,0,21,0
529,"1310365","MOGADATI SUNITHA",200,0,103,0
530,"1310366","BATTULA YESUDEEVENAMMA",200,0,1236,0
531,"1310367","MEDEPALLI RANI",200,0,1751,0
532,"1310368","MOGADATI MARTHAMMA",200,0,824,0
533,"1310369","MADDALA MERI",200,0,1700,0
534,"1310370","VASIPALLI ESTERURANI",200,0,1339,0
535,"1310371","MANNEPALLI JYOTHI",200,0,876,0
536,"1310372","GUNDABATTINA RAMANA",200,0,309,0
537,"1310373","GUNDABATTINA BAGHYALAKSHIMI",200,0,927,0
538,"1310374","GUNDABATTINA NAGAMANI",200,0,309,0
539,"1310375","BADUGU MERI",200,0,773,0
540,"1310376","CHEELI BRIJETHAMMA",200,0,1545,0
541,"1310377","KARTU ANJALI",200,0,1545,0
542,"1310378","CHIGURUPATI MANIKYAMMA",200,0,927,0
543,"1310379","CHIGURUPATI PADMAVATHI",200,0,927,0
544,"1310380","VARA PRAKASAMM",200,0,1545,0
545,"1310381","VAMPUGADDA MATHAMMA",200,0,1236,0
546,"1310382","MANNEPALLI JYOTHI",200,0,1545,0
547,"1310383","KAMBAM MERIMMA",200,0,1576,0
548,"1310384","PULAVARTHI NEERIKSHANA",200,0,2081,0
549,"1310385","CHINTA BAVITHA",200,0,618,0
550,"1310386","PULAVARTHI VENKATARAMANA",200,0,1288,0
551,"1310387","PULI VIJAYALALITHA",200,0,72,0
552,"1310388","NULU JYOTHI",200,0,288,0
553,"1310389","RUNJALA MARIYAMMA-MONA",200,0,21,0
554,"1310390","NULU PARISHUDDAM",200,0,165,0
555,"1310391","CHINTA MERIMMA",200,0,10,0
556,"1310392","GUMMADI NEELAMMA",200,0,52,0
557,"1310393","RUNJALA PRASANTHI",200,0,10,0
558,"1310394","RUNJALA RAMADEVI",200,0,82,0
559,"1310395","RUNJALA JOJIKUMARI",200,0,206,0
560,"1310396","RUNJALA KUMARI",200,0,185,0
561,"1310397","RUNJALA MARIYAMMA-YEBU",200,0,82,0
562,"1310398","CHIGURUPATI JOSHPHIN",200,0,1545,0
563,"1310399","CHINTA APARANJAMMA",200,0,0,0
564,"1310400","BATTU SAROJINI",200,0,1545,0
565,"1310401","BATTU MARIYAMMA",200,0,0,0
566,"1310402","DASARI ANITA",200,0,0,0
567,"1310403","PULI BEBI MADUBALA",200,0,1854,0
568,"1310404","JAVVADI ANITHA",200,0,989,0
569,"1310405","RUNJALA DEVAMANI",200,0,10,0
570,"1310406","GHANTASALA MARGARETU",200,0,1545,0
571,"1310407","RUNJALA TEKULAMMA",200,0,1854,0
572,"1310408","MOGADATI DURGA",200,0,1545,0
573,"1310409","INTI ASASRI",200,0,927,0
574,"1310410","THOTA JOHNSI",200,0,1236,0
575,"1310411","KONDETI AGNESAMMA",200,0,1566,0
576,"1311412","POLIMETLA YESUDEEVENAMMA",200,0,1380,0
577,"1311413","MOTRU PUSHPALATHA",200,0,773,0
578,"1311414","PULI KOTAMMA",200,0,927,0
579,"1311415","BATTU SAROJINI",200,0,10,0
580,"1311416","BADUGU PRAMEELARANI",200,0,309,0
581,"1311417","MADDALA ELISHABETHAMMA",200,0,1236,0
582,"1311418","KAPUDASI MERIBAYAMMA",200,0,1236,0
583,"1311419","POLIMETLA PRAMEELA",200,0,494,0
584,"1311420","JAKKULA DEVAMATHA",200,0,618,0
585,"1311421","ADAPA LAKSHMI",200,0,628,0
586,"1311422","KROVI ANURADHA",200,0,937,0
587,"1311423","PULLETI NAGAKRISHNAKUMARI",200,0,989,0
588,"1312424","SIDDELA MARIYAMMA",200,0,927,0
589,"1401424","BODDU VIJAYAKUMARI",200,0,309,0
590,"1401425","BAIREDDY JYOTHI",200,0,927,0
591,"1401426","GOVADA MARTHAMMA",200,0,927,0
592,"1401427","GUDISEVA VANI",200,0,927,0
593,"1401428","SINGAMSETTI KRISHNAKUMARI",200,0,618,0
594,"1402429","SINGAMSETTI LAKSHMI",200,0,618,0
595,"1402430","SINGAMSETTI SUREKHA",200,0,391,0
596,"1402431","THOTA ANNAPURNA",200,0,124,0
597,"1402432","YADALA NAGABALAJI",200,0,814,0
598,"1402433","MANDA NAGAMANI",200,0,618,0
599,"1402434","VALLABAPURAPU VIMALA",200,0,247,0
600,"1402435","SINGAMSETTI VEERAKUMARI",200,0,309,0
601,"1402436","PULLETI NANCHARAMMA",200,0,340,0
602,"1402437","CHITTURI.B.N.V.K.SOUNDARY ",200,0,31,0
603,"1402438","THOTA VENKATA SUBBAMMA ",200,0,216,0
604,"1402439","MANDA DHANALAKSHMI ",200,0,31,0
605,"1402440","MARRIVADA RAMALAKSHMI ",200,0,371,0
606,"1402441","BURAGADDA KUMARI ",200,0,464,0
607,"1402442","BANDARI ANKAMMA ",200,0,742,0
608,"1402443","DASARI NAGALAKSHMI ",200,0,464,0
609,"1402444","ARIGE KANAKADURGA ",200,0,494,0
610,"1402445","GOVADA SWARUPA RANI",200,0,350,0
611,"1402446","THOTA SEETHARAVAMMA ",200,0,185,0
612,"1402447","VALLABAPURAPU BRAMARAMBA ",200,0,155,0
613,"1403448","MADASU DHANALAKSHMI ",200,0,412,0
614,"1403449","ACHYUTA DHANALAKSHMI",200,0,309,0
615,"1403450","ACHYUTA RAMANAKUMARI",200,0,309,0
616,"1403451","PENTA RAMANAMMA",200,0,309,0
617,"1403452","ARIGE SYAMALA",200,0,309,0
