Slno,SmtCode,Name,ShareAmt,Saving,Thrift,Advance,Total
1,"0001","SARIHADDU MUNIBABU",200,3247,0,1050412,1053859
2,"0003","LANKAPALLI JAYARAJU",200,0,0,0,200
3,"0004","ANDUGULA SRINIVASARAO",200,0,0,0,200
4,"0005","NATTA RANGARAO",200,0,0,0,200
5,"0006","PIDIGE HEMALATHA",200,0,0,0,200
6,"0007","D.MOKSHARANI",200,0,0,0,200
7,"0008","S.SRINIVASARAO",200,0,0,393091,393291
8,"0009","S.MANERAO",200,227,0,0,427
9,"0010","Mrs.D.Anush",100,0,0,0,100
10,"0011","Mrs.Sridevi",100,0,29464,743649,773213
11,"0222","VALLE ROJA",200,0,0,0,200
12,"0241","NALLA SITHAMMA",100,401,0,0,501
13,"0242","YANDRAPU GOWRAMMA ",100,108,0,0,208
14,"0243A","SORAGUDI BASAVAMMA",100,820,0,0,920
15,"0244","PENKE RAJESWARI (CL)",100,106,0,0,206
16,"0245","TEEYALA PARVATHI ",100,1536,0,0,1636
17,"0246","CHUKKA SATYAVATHI ",100,108,0,0,208
18,"0247","CHUKKA ELLAMMA ",100,1277,0,0,1377
19,"0249","GONA MANI ",100,108,0,0,208
20,"0250","PENKE NUKALAMMA ",100,108,0,0,208
21,"0251","CHEKKA PARVATHAMMA",100,108,0,0,208
22,"0252","BACHALA VIJAYAKUMARI ",100,1476,0,0,1576
23,"0253","AMBATI SIMHACHALAM",100,108,0,0,208
24,"0254","CHITIKELA KANAKAMMA",100,172,0,0,272
25,"0255","PENKE SANYASAMMA ",100,106,0,0,206
26,"0256","BALAGA DADELAKSHMI",100,108,0,0,208
27,"0257","VADDIPOGU GNANESWARI ",200,96,0,0,296
28,"028","Palli Swapna (Ramesh)",200,0,0,0,200
29,"0282","DONE BEBI",100,2562,0,0,2662
30,"0283B","MENDEM SALOMI",100,711,0,0,811
31,"0284A","INTI PRASANTHI ",200,1959,0,0,2159
32,"0286","NAKKA KAMALA ",100,3647,0,114371,118118
33,"0287","DONE MARIYAMMA ",100,2335,0,0,2435
34,"0288","INNALA CHANDRA LEELA ",100,0,0,0,100
35,"0290A","NAKKA MARIYAMMA ",100,1821,0,0,1921
36,"0292","JANGAM VIJAYA KUMARI ",100,0,0,0,100
37,"0295","DASARI BHARATI ",100,0,0,0,100
38,"0296","CHEBROLU GNANASUNDARAMMA ",100,1874,0,0,1974
39,"0297","DONE PADMA ",100,1969,0,0,2069
40,"0298","NAKKA NAYOMI ",100,1280,0,0,1380
41,"0299","CHEBROLU SHARMILA ",100,100,0,0,200
42,"0300","NAKKA VIJAYAKUMARI",100,2181,0,0,2281
43,"0301","DAGANI KOTESWARAMMA ",200,0,0,0,200
44,"0301A","PONUKUMATI VENKATARAMANA(CL)",100,2214,0,184687,187001
45,"0302A","CHINNAM JYOTHI",100,956,0,0,1056
46,"0303","CHEBROLU KUMARI ",200,1551,0,0,1751
47,"0304","GANTA VENKATESWARAMMA ",200,0,0,0,200
48,"0307","NAGADESI SIRISHA ",200,0,0,0,200
49,"0308","KANCHARLA RAJANI ",200,0,0,0,200
50,"0309","MADDULURI NEELIMA ",200,0,0,0,200
51,"0321","TALAKALA SANTAKUMARI",100,2385,0,0,2485
52,"0322A","MOTRU PUSHPALATHA ",200,1578,0,0,1778
53,"0323A","PONUKUMATI RATNAKUMARI ",200,1721,0,0,1921
54,"0326","POLIMETLA PRAMEELA ",100,2306,0,0,2406
55,"0327","ABBURI ARUNAKUMARI ",100,2305,0,0,2405
56,"0328","PILLEM TEREJAMMA (CL)",100,2291,0,0,2391
57,"0329A","PILLEM INDIRA ",100,0,0,0,100
58,"0330","MOTRU VANITHA",100,2284,0,0,2384
59,"0331","POLIMETLA YESUDEEVENAMMA",100,112,0,0,212
60,"0333","MOTRU SUNITHA ",100,2086,0,0,2186
61,"0335","TADANKI VIJAYANIRMALA ",100,2082,0,0,2182
62,"0336","GANTA BAGHYA RANI ",100,2056,0,0,2156
63,"0337","PILLEM LEELA ",200,1635,0,0,1835
64,"0338","ERIKIPATI JAYALAKSHMI ",200,1603,0,0,1803
65,"0339","MOTRU SUJATHA ",200,1653,0,0,1853
66,"0340","TADANKI RATNAKUMARI ",200,1607,0,0,1807
67,"0341","INTI DEVAMATHA ",200,1616,0,0,1816
68,"0342","POLIMETLA AKHILASRI ",100,608,0,0,708
69,"0343","MOTRU MEENA",100,546,0,0,646
70,"0204A","MALI PARVATHI",100,0,0,0,100
71,"0521","RUNAJALA KUMARI (CL)",100,1801,0,0,1901
72,"0522","NULU JYOTHI ",100,1829,0,38745,40674
73,"0523","RUNJALA RAMADEVI ",100,1807,0,0,1907
74,"0524","PULI VIJAYALALITHA ",100,1803,0,0,1903
75,"0525","RUNJALA MARIYAMMA ",100,1803,0,0,1903
76,"0526","NULU PARISHUDDAM",100,1802,0,0,1902
77,"0527","RUNJALA MARIYAMMA",100,1802,0,0,1902
78,"0528","LANKAPALLI JOHNSI ",100,0,0,0,100
79,"0528A","NAKKA KAMALA",200,932,0,0,1132
80,"0529","TULIMELLI SOWJANYA ",100,0,0,0,100
81,"0530","RUNJALA NIRMALA ",100,0,0,0,100
82,"0530A","BURRA MARIYAMM",200,737,0,0,937
83,"0531","RUNJALA JOJIKUMARI ",100,1824,0,0,1924
84,"0532","TOKALA DEVAMATHA ",100,1796,0,0,1896
85,"0533","RUNJALA PRASANTHI ",200,1812,0,0,2012
86,"0534","JANGAM VIJAYALAKSHMI ",200,0,0,0,200
87,"0534A","NULU SASIKALA ",100,552,0,0,652
88,"0535","BATTU VIJAYALAKSHMI ",200,0,0,0,200
89,"0535A","DASARI ESTERURANI",200,0,0,0,200
90,"0536","BURRA DANAMMA ",200,1827,0,0,2027
91,"0537","RUNJALA DEVAMANI ",200,1812,0,0,2012
92,"0538","CHINATA MERIMMA ",200,1857,0,0,2057
93,"0539","GUMMADI NEELAMMA ",200,1796,0,0,1996
94,"0540","JANGAM SUNDARAMMA ",200,0,0,0,200
95,"0540A","JANGAM ANJALI",200,1797,0,0,1997
96,"0541","PULAVARTHI VENKATARAMANA(CL)",200,1834,0,133922,135956
97,"0542","BATTU SAROJINI ",200,1817,0,0,2017
98,"0543","PANDULA VASANTHA ",200,1807,0,0,2007
99,"0544","CHINTA APARANJAMMA ",200,1807,0,0,2007
100,"0545","RUNJALA PARISHUDDAM ",200,1921,0,0,2121
101,"0546","PULI KOTAMMA ",200,1754,0,0,1954
102,"0547","BATTU MARIYAMMA ",200,1746,0,0,1946
103,"0548","CHINTA BAVITHA ",200,1896,0,0,2096
104,"0549","MEDEPALLI VIJAYAKUMARI ",200,0,0,0,200
105,"0549A","PULAVARTHI NIREEKSHANA",200,812,0,0,1012
106,"0550","KAMBAM MUNNI ",200,0,0,0,200
107,"0550A","JAVVADI ANITHA",200,942,0,0,1142
108,"0551","DASARI ANITHA",200,1569,0,0,1769
109,"0552","PANDULA MERIRUTHAMMA",200,1536,0,0,1736
110,"0553","PULI BEBIMADUBALA",200,1638,0,0,1838
111,"0554","BATTU MARTHAMMA",200,1536,0,0,1736
112,"0555","PILLEM SUVARNABAYAMMA",200,0,0,0,200
113,"0556","KAMBAM MERAMMA",200,1543,0,0,1743
114,"0601","INTI BAGHYAMERI",200,1916,0,58590,60706
115,"0602","MEDEPALLI RANI (CL)",200,2055,0,0,2255
116,"0603","BATHULA YESUDEEVENAMMA",200,2126,0,0,2326
117,"0604","CHEBROLU ROJAPUSHPAKUMARI",200,2200,0,0,2400
118,"0605","RUNJALA ROJAPUSHPAM ",200,2036,0,0,2236
119,"0606","CHEBROLU SYAMALA ",200,0,0,0,200
120,"0606A","CHEBROLU ANITHA",200,1250,0,0,1450
121,"0607","GANTASALA MARGARETU ",200,2146,0,0,2346
122,"0608","MANDAPATI VIJAYANIRMALA ",200,1907,0,0,2107
123,"0609","AMARTHALA SUNITHA ",200,1989,0,0,2189
124,"0610","SIDDELA MARIYAMMA ",200,1965,0,0,2165
125,"0611","MADDALA GNANASUNDARAMMA ",200,2180,0,0,2380
126,"0612","CHEBROLU CRISTIYANAMMA ",200,1918,0,0,2118
127,"0613","JAKKULA DEVAMATHA",200,1957,0,0,2157
128,"0614","MOGADATI MARTHAMMA ",200,2165,0,0,2365
129,"0615","MADDALA MERI ",200,1924,0,78435,80559
130,"0616","MUTYALA NAGAMALLI ",200,1911,0,0,2111
131,"0617","KONDETI AGNESAMMA ",200,2018,0,0,2218
132,"0618","MOGADATI RAJAMMA ",200,1940,0,0,2140
133,"0619","YALA MERI ",200,2152,0,0,2352
134,"0620","CHEBROLU JOHNSI ",200,2258,0,0,2458
135,"0621","RUNJALA TEKULAMMA ",200,1929,0,0,2129
136,"0622","MOGADATI SUNITHA ",200,2132,0,0,2332
137,"0623","MADDALA USHARANI ",200,0,0,0,200
138,"0623A","VEERABATTINA DEVAMANI ",200,1688,0,0,1888
139,"0624","VEERABATTINA SWARNAKUMARI ",200,1901,0,0,2101
140,"0625","INTI SUVARNA ",200,1999,0,0,2199
141,"0626","INTI ASASRI",200,986,0,0,1186
142,"0627","MADDALA ELIJABETTAMMA",200,948,0,96390,97538
143,"0628","MOGADATI DURGA",200,1596,0,0,1796
144,"0629","THOTA JOHNSI",200,973,0,0,1173
145,"0630","BADUGU PRAMEELARANI ",200,931,0,0,1131
146,"0881","CHELI BRIJETAMMA",200,1701,0,0,1901
147,"0882","GUNDABATTINA RAMANA ",200,1717,0,0,1917
148,"0883","BONAGIRI PADMALATHA ",200,1697,0,0,1897
149,"0884","MADDULA DURGA ",200,1697,0,0,1897
150,"0885","GOVADA MARTHAMMA ",200,2152,0,0,2352
151,"0886","GUNDABATTINA MADHU ",200,120,0,0,320
152,"0887","VASIPALLI ESTERURANI ",200,1728,0,0,1928
153,"0888","BAYIREDDY JYOTHI ",200,1697,0,0,1897
154,"0889","TUMETI RANI ",200,1697,0,0,1897
155,"0890","KATRU ANJALI ",200,1718,0,0,1918
156,"0891","GUNDABATTINA BAGHYALAKSHMI ",200,1724,0,0,1924
157,"0892","TUMETI PRASANTHI KUMARI ",200,0,0,0,200
158,"0892A","CHELI SRAVANI",100,783,0,0,883
159,"0893","BADUGU MERI ",200,1905,0,0,2105
160,"0894","CHODADASI TABITAKUMARI ",200,1697,0,0,1897
161,"0895","GUNDABATTINA NAGAMANI ",200,1706,0,0,1906
162,"0896","PALLIKONDA SALOMI ",200,0,0,0,200
163,"0897","MANNEPALLI ALFUNCE ",200,0,0,0,200
164,"0897A","GOVADA SUNITHA",200,898,0,0,1098
165,"0898","DASARI ELIJABETHRANI ",200,1758,0,0,1958
166,"0899","MALLEMPALLI JHANSI ",200,1697,0,0,1897
167,"0900","MANNEPALLI MERISANTOSHAM ",200,1701,0,0,1901
168,"0901","GOVADA KUMARI ",200,1646,0,0,1846
169,"0902","MANNEPALLI KRANTHI ",200,0,0,0,200
170,"0902A","DASARI VENKATESWARAMMA",200,898,0,0,1098
171,"0903","MANNEPALLI JYOTHY",200,1618,0,0,1818
172,"0904","GOVADA SWARUPARANI ",200,1667,0,0,1867
173,"0905","CHELI SANTAKUMARI",200,0,0,0,200
174,"0905A","GOVADA SAROJA",200,1651,0,0,1851
175,"0906","GOVADA JOHNSIRANI",100,775,0,0,875
176,"0962A","Gnanasundaramma",200,0,0,0,200
177,"1001","MANEPALLI JYOTHI ",200,926,0,0,1126
178,"1002","BODDU SAROJINI",200,920,0,0,1120
179,"1003","VAMPUGADDA MARTHAMMA",200,926,0,0,1126
180,"1004","VARA PRAKASAMMA ",200,920,0,0,1120
181,"1005","PONGULETI BEBI ",200,930,0,0,1130
182,"1006","CHIGURUPATI MANIKYAMMA ",200,920,0,0,1120
183,"1007","CHIGURUPATI PADMAVATHI ",200,989,0,0,1189
184,"1008","VUCHULA RATNAKUMARI ",200,931,0,0,1131
185,"1009","NUNNA BEBI ",200,920,0,0,1120
186,"1010","PONGULETI MARIYAMMA ",200,920,0,0,1120
187,"1011","CHIGURUPATI JAMAYAMMA ",200,920,0,0,1120
188,"1012","PALLAPATI KUMARI ",200,932,0,0,1132
189,"1013","VUCHULA CHINNARI ",200,934,0,0,1134
190,"1014","CHIGURUPATI JOSHPHIN ",200,932,0,0,1132
191,"1015","VAMPUGADDA SIRISHA ",200,920,0,0,1120
192,"1016","VAMPUGADDA MERI ",200,922,0,0,1122
193,"1017","MANNEPALLI KAMALABAYAMMA",200,950,0,0,1150
194,"1018","KUNATHI DEEVENAMMA ",200,845,0,0,1045
195,"1019","YANGALA SUGUNAMMA",200,872,0,0,1072
196,"1041","GUDISEVA VANI",200,612,0,0,812
197,"1042","SINGAMSETTI LAKSHMI ",200,561,0,0,761
198,"1043","SINGAMSETTI KRISHNAKUMARI ",100,566,0,0,666
199,"1044","SINGAMSETTI SUREKHA ",100,561,0,0,661
200,"1045","SINGAMSETTI VEERAKUMARI ",100,0,0,0,100
201,"1046","PULLETI NAGAKRISHNAKUMARI ",100,592,0,0,692
202,"1047","CHINTALA RAMALAKSHMI ",100,0,0,0,100
203,"1048","THOTA ANNAPURNA ",100,622,0,0,722
204,"1049","THOTA ANURADHA ",100,0,0,0,100
205,"1050","MADASU DHANALAKSHMI ",100,561,0,0,661
206,"1051","ADAPA LAKSHMI ",100,0,0,0,100
207,"1052","AVULA LAKSHMI ",100,0,0,0,100
208,"1053","KROVI ANURADHA ",100,673,0,0,773
209,"1054","YADALA NAGABALAJI ",100,581,0,0,681
210,"1055","THOTA NAGAMANI ",100,592,0,0,692
211,"1056","MANDA NAGAMANI ",100,569,0,0,669
212,"1057","MANDA DHANALAKSHMI ",100,0,0,0,100
213,"1058","KROVI SATYAVATHI ",100,0,0,0,100
214,"1059","THOTA ASWINI KUMAR ",100,396,0,0,496
215,"1060","THOTA NAGAPUSHPAVATHI ",100,0,0,0,100
216,"1061","CHITTURI.B.N.V.K.SOUNDARY ",100,528,0,0,628
217,"1062","VALLABAPURAPU VIMALAMMA ",100,655,0,0,755
218,"1063","VALLABAPURAPU BRAMARAMBA ",100,579,0,0,679
219,"1064","THOTA VENKATA SUBBAMMA ",100,533,0,0,633
220,"1065","THOTA SEETHARAVAMMA ",100,549,0,58590,59239
221,"1066","MARRIVADA RAMALAKSHMI ",100,485,0,0,585
222,"1067","BURAGADDA KUMARI ",100,464,0,0,564
223,"1068","BANDARI ANKAMMA ",100,464,0,0,564
224,"1069","DASARI NAGALAKSHMI ",100,464,0,0,564
225,"1070","ARIGE KANAKADURGA ",100,464,0,0,564
226,"1071","PULLETI NANCHARAMMA ",100,0,0,0,100
227,"1072","ACHYUTA DHANALAKSHMI ",100,411,0,0,511
228,"1073","ACHYUTA RAMANAKUMARI ",100,401,0,0,501
229,"1074","PENTA RAMANAMMA ",100,401,0,0,501
230,"1075","ARIGE SYAMALA ",100,0,0,0,100
231,"1102002","SARIHADDU SRINIVASARAO",100,0,1104,0,1204
232,"1102004","POLIMETLA PRASANNAKUMAR",100,0,1104,0,1204
233,"1102005","S.SRILATHA",100,0,2063,0,2163
234,"1102006","P.GNANASUNDARAMMA",100,0,1104,0,1204
235,"1102007","P.HEMALATHA",100,0,1104,0,1204
236,"1102008","NATTA RANGARAO",100,0,1104,0,1204
237,"1102009","LANKAPALLI JAYARAJU",100,0,1104,0,1204
238,"1102010","S.VARALAKSHMI",100,0,1104,0,1204
239,"1103101","PONUKUMATI VENKATARAMANA",100,0,276,0,376
240,"1103102","DONE BEBI",100,0,195,0,295
241,"1103103","TULIMELLI PRASANNAKUMARI",100,0,663,0,763
242,"1103104","JANGAM VIJAYAKUMARI",100,0,851,0,951
243,"1103105","DONE SRAVANTHI",100,0,1114,0,1214
244,"1103106","DONE MARTHAMMA",100,0,0,0,100
245,"1103107","TAPPITA SAROJINI",100,0,166,0,266
246,"1103108","TAPPITA RAVIKUMAR",100,0,44,0,144
247,"1103109","DONE PADMA",100,0,174,0,274
248,"1103110","DONE MERIMMA",100,0,1049,0,1149
249,"1103111","DASARI BHARATI",100,0,268,0,368
250,"1103112","REMALLI BHARGAVI",100,0,1899,0,1999
251,"1103113","NAKKA VIJAYAKUMARI",100,0,328,0,428
252,"1103114","NAKKA MARIYAMMA",100,0,348,0,448
253,"1103115","CHINNAM RUTHUMMA",100,0,663,0,763
254,"1103116","NAKKA JOJIMERI",100,0,231,0,331
255,"1103117","MADDULURI CHINTAMANI",100,0,783,0,883
256,"1103118","P.VENKATARATNAM",100,0,0,0,100
257,"1103119","N.VANI",100,0,663,0,763
258,"1103120","N.KIRAN",100,0,0,0,100
259,"1103121","N.SEETHA",100,0,663,0,763
260,"1103122","M.NARAYANA",100,0,0,0,100
261,"1103123","NALLA MURTHI RAJU",100,0,0,0,100
262,"1103124","ABBURI ARUNAKUMARI",100,0,4029,0,4129
263,"1103125","TALAKALA SANTHAKUMARI",100,0,55,0,155
264,"1103126","PILLEM INDIRA",100,0,11867,0,11967
265,"1103127","ARJA SYAMALA",100,0,993,0,1093
266,"1103128","KARIKATLA ANILKUMAR",100,0,343,0,443
267,"1103129","NAKKA JAYALAKSHMI",100,0,640,0,740
268,"1103130","PILLEM LEELA",100,0,10,0,110
269,"1103131","MIRIYALA SANTHKUMARI",100,0,10,0,110
270,"1103132","TOKALA MANI",100,0,4107,0,4207
271,"1103133","PILLEM TEREJAMMA",100,0,19,0,119
272,"1103134","SIDDANI LAKSHMI",100,0,673,0,773
273,"1104135","CHEBROLU ANANDARAO",100,0,120,0,220
274,"1104136","CHEBROLU SHARMILA",100,0,0,0,100
275,"1104137","NAKKA NAYOMI",100,0,850,0,950
276,"1104138","NAGADESI PRASAD",100,0,330,0,430
277,"1104139","CHEBROLU GNANASUNDARAMMA",100,0,73,0,173
278,"1104140","CHEBROLU RAJU",100,0,110,0,210
279,"1104141","MEDEPALLI KORNELUBABU",100,0,10,0,110
280,"1104142","NAGULLA BHARATHI",100,0,1016,0,1116
281,"1104143","SONTI INDIRA",100,0,10,0,110
282,"1104144","JARUGUMELLI BABURAO",100,0,10,0,110
283,"1104145","SONTI MURALIKRISHNA",100,0,563,0,663
284,"1104146","TALARI SUJATHA",100,0,1347,0,1447
285,"1104147","TALARI INDIRA",100,0,673,0,773
286,"1105148","INTI VIMALAMMA",100,0,673,0,773
287,"1106150","G.SIVALEELA",100,0,0,0,100
288,"1106151","S.SAILAKSHMI",100,0,0,0,100
289,"1106152","VELAGAPALLI KIRANKUMAR",100,0,0,0,100
290,"1106153","INTI RAVIKUMAR",100,0,0,0,100
291,"1106154","VANGA MANJULA BAYAMMA",100,0,0,0,100
292,"1106155","REDDY LAKSHMI",100,0,0,0,100
293,"1106156","K.RANI",100,0,0,0,100
294,"1106157","MANDA KUMARI",100,0,0,0,100
295,"1106158","NAGULLA DURGARAO",100,0,0,0,100
296,"1106159","NAGULLA DEVI",100,0,330,0,430
297,"1106160","MUVVA SUJATHA",100,0,330,0,430
298,"1106161","KATARI RAMANAMMA",100,0,330,0,430
299,"1107149","MOTRU VANITHA",100,0,110,0,210
300,"1110150","NIRMALAKUMARI DUBA",100,0,441,0,541
301,"1110151","PARVATHI DUBA",100,0,110,0,210
302,"1110152","JANAKI KOTE",100,0,1324,0,1424
303,"1110153","JOHN KOTE",100,0,0,0,100
304,"1110154","NAGARAJU KOTE",100,0,883,0,983
305,"1110155","SUBBARAO KURELL",100,0,0,0,100
306,"1110156","RAJAMMA BOTTU",100,0,0,0,100
307,"1110157","SRINIVASARAO PONGULETI",100,0,0,0,100
308,"1110158","ASEERVADAM GALANKI ",100,0,0,0,100
309,"1110159","BEBIMMA PONGULETI ",100,0,188,0,288
310,"1110160","SAROJINI GUNDABATTINA",100,0,0,0,100
311,"1110161","NAGAMALLI GURAJA ",100,0,828,0,928
312,"1110162","SIRISHA GADIDESI ",100,0,828,0,928
313,"1110163","MARIYAMMA TEETLA ",100,0,0,0,100
314,"1110164","MARKU GALANKI",100,0,220,0,320
315,"1110165","NAGARAJU MUTYALA",100,0,0,0,100
316,"1110166","SAMBASIVUDU KONDE ",100,0,0,0,100
317,"1110167","MARIYAMMA MUTYALA ",100,0,0,0,100
318,"1110168","JOJI MUTYALA ",100,0,0,0,100
319,"1110169","CHINNA MUTYALA ",100,0,330,0,430
320,"1110170","MERI MUTYALA ",100,0,330,0,430
321,"1110171","RANI MUDIDIDDI ",100,0,0,0,100
322,"1110172","G.CHAYA DEVI",100,0,387,0,487
323,"1110173","VENKATESWARAMMA NILAPALA ",100,0,498,0,598
324,"1110174","SRINIVASARAO MADAPATI ",100,0,828,0,928
325,"1110175","MATAMMA GUDIKANDULA ",100,0,2485,0,2585
326,"1110176","BALAKRISHNA BASIGIRI ",100,0,1159,0,1259
327,"1110177","NAGAMALLESWARI BODAVULA",100,0,0,0,100
328,"1110178","BUJJAMMA GUDIKANDULA ",100,0,0,0,100
329,"1110179","VENKATESWARARAO JONNADULA ",100,0,0,0,100
330,"1110180","MEHERUNNISA MAHAMMAD ",100,0,498,0,598
331,"1110181","NAGAMALLESWARI SAYILA ",100,0,552,0,652
332,"1110182","PANDU TIRUMANI ",100,0,0,0,100
333,"1110183","NAGESWARAMMA AMARTHALA",100,0,0,0,100
334,"1110184","KOTESWARAMMA KARE ",100,0,0,0,100
335,"1110185","NARESH DUBA ",100,0,0,0,100
336,"1110186","NAGARAJU MUTYALA ",100,0,0,0,100
337,"1111187","SRINIVASARAO VINNAKOTA",100,0,0,0,100
338,"1111188","ADILAKSHMI VINNAKOTA ",100,0,0,0,100
339,"1111189","NAGALAKSHMAIAH VINNAKOTA ",100,0,0,0,100
340,"1111190","SOVAMMA VINNAKOTA ",100,0,0,0,100
341,"1111191","BHADRAMMA VINNAKOTA ",100,0,0,0,100
342,"1111192","VEERAKUMARI VINNAKOTA ",100,0,0,0,100
343,"1111193","SWAROOPA MUGANTI",100,0,0,0,100
344,"1111194","NAGALAKSHMI MADAPATI ",100,0,828,0,928
345,"1111195","KRISHANAKUMARI PINDIBOINA ",100,0,2485,0,2585
346,"1111196","VENKATESWARAMMA BODAVULA ",100,0,0,0,100
347,"1111197","VENKATESWARAMM KADAVAKOLLU ",100,0,663,0,763
348,"1111198","JOHNSI TUMMIDI",100,0,0,0,100
349,"1111199","SANTHI KAGITHA ",100,0,0,0,100
350,"1111200","SEETHAMAHALAKSHMI MURALA ",100,0,0,0,100
351,"1111201","NAGASIVA MODUGUMUDI ",100,0,0,0,100
352,"1111202","NAGAMALLESWARAMM MODUGUMUDI ",100,0,0,0,100
353,"1111203","VARALAKSHMI POSINA ",100,0,0,0,100
354,"1111204","HYMAVATHI TATA ",100,0,0,0,100
355,"1111205","SOMAIAH KAPAVARAPU ",100,0,330,0,430
356,"1111206","SUVARCHALA DEVI ALAPATI ",100,0,220,0,320
357,"1111207","NANCHARAMM GOLKONDA ",100,0,993,0,1093
358,"1111208","SIVAKRISHNA CHINAMUTTEVI ",100,0,0,0,100
359,"1111209","NAGAMALLESWARI CHIMUTTEVI ",100,0,441,0,541
360,"1111210","MALLESWARI CHINAMUTTEVI ",100,0,0,0,100
361,"1111211","NAGABHUSHANAM CHINAMUTTEVI ",100,0,663,0,763
362,"1111212","GAYATHRI POSINA",100,0,0,0,100
363,"1111213","VENKANNA CHENNURI ",100,0,0,0,100
364,"1111214","UMAMAHESWARI DEVARAPALLI ",100,0,0,0,100
365,"1111215","CHITTITALLI DASARI ",100,0,993,0,1093
366,"1111216","NAGALAKSHMI KAPAVARAPU ",100,0,993,0,1093
367,"1111217","USHARANI NEMMALA ",100,0,0,0,100
368,"1111218","SRISWATHI NEMMALA ",100,0,0,0,100
369,"1111219","YESUPADAM TOKALA",100,0,220,0,320
370,"1111220","RAJASEKHAR TOKALA ",100,0,0,0,100
371,"1111221","SANTAKUMARI ARJA ",100,0,0,0,100
372,"1111222","SARAMMA  ",100,0,0,0,100
373,"1111223","RAJASULOCHANA TOKALA ",100,0,0,0,100
374,"1111224","LALITHAKUMARI BODDU",100,0,0,0,100
375,"1111225","DHANALAKSHMI.B ",100,0,0,0,100
376,"1111226","PALLAVI POLUKONDA ",100,0,0,0,100
377,"1111227","VIMALA TOKALA ",100,0,0,0,100
378,"1111228","SATYABHAMA RAYALA ",100,0,0,0,100
379,"1111229","BALANAGAMMA BALAPATI",100,0,0,0,100
380,"1111230","SAMBASIVUDU KONDA ",100,0,0,0,100
381,"1111231","NAVEENA VARIGANJI",100,0,330,0,430
382,"1111232","BABURAO LINGAM ",100,0,0,0,100
383,"1111233","NALLARAO DASARI ",100,0,0,0,100
384,"1111234","KOTESWARAMMA GARIKAMUKKA ",100,0,0,0,100
385,"1111235","GNANASUNDARI GARIKAMUKKA ",100,0,663,0,763
386,"1111236","BHAYAMMA MUTYALA ",100,0,441,0,541
387,"1111237","NIRMALA KAILE",100,0,1324,0,1424
388,"1111238","RAMARAO PONGULETI ",100,0,663,0,763
389,"1111239","BUJJIRAJU KURELLA ",100,0,0,0,100
390,"1111240","KARUNA KORAGANTA ",100,0,663,0,763
391,"1111241","GANGADHARARAO CHIRUKOTA",100,0,330,0,430
392,"1111242","NAGABUSHANAM GOGULAMUDI ",100,0,0,0,100
393,"1111243","PRABHAVATI CHIGURUPALLI ",100,0,1324,0,1424
394,"1111244","NEELIMA KOTE ",100,0,0,0,100
395,"1111245","PRASANNAKUMARI PESANAGANTI",100,0,0,0,100
396,"1111246","RAGHAVAMMA GUDIKANDULA ",100,0,0,0,100
397,"1111247","SAVITRI VADLAMANNADU ",100,0,0,0,100
398,"1111248","RATNATULASI VAKKALAGADDA ",100,0,330,0,430
399,"1111249","RAGHAVAMMA PEETALA ",100,0,220,0,320
400,"1111250","ANKALAMMA NEELAPALA ",100,0,498,0,598
401,"1111251","VENKATESWARAMMA BOLLA",100,0,1987,0,2087
402,"1111252","SUSEELA KAGITHA ",100,0,2318,0,2418
403,"1111253","SAMBAMURTHI KAGITHA ",100,0,1987,0,2087
404,"1111254","KANAKADURGA POLAGANI",100,0,663,0,763
405,"1111255","MANGAMMA KAGITHA ",100,0,0,0,100
406,"1111256","NAGALAKSHMI KESANA ",100,0,2318,0,2418
407,"1111257","NAGARAJU TOKALA ",100,0,1987,0,2087
408,"1111258","KRISHNAVENI BOLLA",100,0,0,0,100
409,"1111259","NAGALAKSHMI KAGITHA ",100,0,1987,0,2087
410,"1111260","NAGALAKSHMI NAGULA ",100,0,0,0,100
411,"1111261","NAGALAKSHMI KESANI ",100,0,0,0,100
412,"1111262","MALLESWARI NAGULA ",100,0,1655,0,1755
413,"1111263","RAMAKRISHNA MOTUKURI ",100,0,2318,0,2418
414,"1111264","NARASIMHARAO POLAGANI ",100,0,663,0,763
415,"1111265","HANUMAYAMMA BADUGU ",100,0,0,0,100
416,"1111266","ADILAKSHMI KESANI ",100,0,1987,0,2087
417,"1111267","VEERAMM KESANI ",200,0,0,0,200
418,"1111268","BUJJI KESANI ",200,0,1987,0,2187
419,"1111269","SIVANAGAKRISHNA NAGULA ",200,0,1655,0,1855
420,"1111270","RAMADEVI PADAMATI ",200,0,0,0,200
421,"1111271","SESHAMMA KATTA  ",200,0,0,0,200
422,"1111272","NAGAMANI KAGITHA ",200,0,1987,0,2187
423,"1111273","KAMALA POLAGANI",200,0,773,0,973
424,"1111274","SEETHAMAHALAKSHMI MOTUKURI ",200,0,773,0,973
425,"1111275","NAGAMANI KESANI ",200,0,0,0,200
426,"1111281","VENKATESWARAMMA KAGITA",200,0,1655,0,1855
427,"1111282","VENKATESWARI KAGITA",200,0,663,0,863
428,"1111283","JOGESWARAMM PALAGANI ",200,0,330,0,530
429,"1111284","CHANDRAMMA THATA",200,0,1324,0,1524
430,"1111285","RAMADEVI PADAMATI(Nancharaiah-son)",200,0,1987,0,2187
431,"1111286","NAGAMALLI KAGITHA",200,0,1987,0,2187
432,"1112287","RAJU GUNDABATTINA",200,0,1324,0,1524
433,"1112288","VEERAVENKATA SIVAMALLIKARJUNARAO CHINAMUTTEVI",200,0,0,0,200
434,"1112289","NAGARAJU CHINAMUTTEVI ",200,0,330,0,530
435,"1112290","VENKATA NAGA JYOTHI REGIMUDI ",200,0,663,0,863
436,"1112291","INTI PRASANTHI",200,0,640,0,840
437,"1112292","NAGAMALLI KAGITHA(Son-Raju)",200,0,441,0,641
438,"1112293","POTURAJU YARLAGADDA",200,0,0,0,200
439,"1112294","NAGARAJU JAMPANI ",200,0,0,0,200
440,"1112295","RAMACHANDRARAO YARLAGADDA ",200,0,0,0,200
441,"1112296","BABURAO BOLLA ",200,0,0,0,200
442,"1112297","MOHANRAO JAMPANI ",200,0,0,0,200
443,"1112298","MAHESH INAMPUDI ",200,0,0,0,200
444,"1112299","MADHAVARAO INAMPUDI ",200,0,0,0,200
445,"1112300","NAGALAKSHMI MONIPATI ",200,0,0,0,200
446,"1112301","SAILATHA PAMARTHI",200,0,0,0,200
447,"1112302","AMMULU BOLLA ",200,0,330,0,530
448,"1112303","SUMITRA PAMARTHI ",200,0,330,0,530
449,"1112304","KANAKADURGA ",200,0,0,0,200
450,"1112305","VENKATALAKSHMI VEERAL ",200,0,663,0,863
451,"1112306","VENKATALAKSHMI VEERAL ",200,0,663,0,863
452,"1112307","B.MANGATAYARU ",200,0,0,0,200
453,"1112308","NAGAMANI DERANGALA ",200,0,663,0,863
454,"1112309","RAMANAMMA DERANGALA ",200,0,0,0,200
455,"1112310","JAYALAKSHMI MUTTIREDDY ",200,0,0,0,200
456,"1112311","RAMBAYAMMA DEVARAPALLI",200,0,330,0,530
457,"1112312","NAGAMALLESWARAMMA KAGITHA",200,0,330,0,530
458,"1112313","PILLA.LAKSHMI KUMARI",200,0,0,0,200
459,"1112314","VARALAKSHMI BORA ",200,0,110,0,310
460,"1112315","LAKSHMI BORRA",200,0,0,0,200
461,"1112316","RANGARAO BORRA ",200,0,0,0,200
462,"1112317","ANURADHA MURALA ",200,0,0,0,200
463,"1112318","NAGESWARAMMA MATTA ",200,0,0,0,200
464,"1112319","NAGALAKSHMI MATTA ",200,0,0,0,200
465,"1112320","BAGHYARAJU YARLAGADDA ",200,0,0,0,200
466,"1112321","VENKATESWARAMMA RAJULAPATI ",200,0,0,0,200
467,"1112322","NAGAMANI VEERANKI ",200,0,0,0,200
468,"1112323","RAJU MATTA ",200,0,0,0,200
469,"1112324","BADRACHALAM KAGITHA ",200,0,0,0,200
470,"1112325","NAGALAKSHMI NARAGANI",200,0,0,0,200
471,"1112326","SEETHAMMA KAGITHA  ",200,0,552,0,752
472,"1112327","NAGAMALLESWARI KAGITHA",200,0,1435,0,1635
473,"1112328","VENKATESWARAMMA NAGULA",200,0,2318,0,2518
474,"1112329","DESAMMA POLAGANI ",200,0,1324,0,1524
475,"1112330","AMALESWARI MURRALA ",200,0,2318,0,2518
476,"1112331","LAKSHMIDURGA KAGITHA ",200,0,1324,0,1524
477,"1112332","RAJASRI DAKARAPU",200,0,663,0,863
478,"1112333","SUBBARAO GUDE ",200,0,110,0,310
479,"1112334","BAGHYALAKSHMI PAMARTHI",200,0,3312,0,3512
480,"1112335","MD.BIJOHNBHI",200,0,330,0,530
481,"1112336","SK.KHASIM BHI ",200,0,1987,0,2187
482,"1112337","SK.MEERA BHI ",200,0,441,0,641
483,"1112338","SK.NABEELA ",200,0,0,0,200
484,"1112339","BEBI SAROJINI KALAPALA ",200,0,1324,0,1524
485,"1112340","BEBI SAROJINI SINGU ",200,0,330,0,530
486,"1112341","SHAIK.MEERA BHI ",100,0,330,0,430
487,"1125A","TALAKALA SANTHAKUMARI",100,0,0,0,100
488,"1132","TOKALA MANI",100,0,0,0,100
489,"1142","NAGULLA BHARATHI",100,0,0,0,100
490,"1145","SONTI MURALIKRISHNA",100,0,0,0,100
491,"1201342","KANAKADURGA CHINAMUTTEVI",100,0,0,0,100
492,"1201343","MANEMMA RAVURI",100,0,110,0,210
493,"1201344","SK.MASTAN BHI",100,0,330,0,430
494,"1201345","MD.NAGUR",100,0,88,0,188
495,"1201346","TAHIRUNNISA",100,0,993,0,1093
496,"1205347","S.MANERAO",100,0,1040,473501,474641
497,"1205348","S.SRINIVASARAO",100,0,1040,0,1140
498,"1205349","POLIMETLA GNANASUNDARI",200,0,22075,121179,143454
499,"1209350","INALA CHANDRALEELA",200,0,166,0,366
500,"1304351","TALARI CHAITANYA",200,0,539,0,739
501,"1304352","DUPPATI SWARNALATHA ",200,0,154,0,354
502,"1304353","KAKARA MERI ",200,0,1666,0,1866
503,"1304354","NAKKA KAMALA ",200,0,5672,0,5872
504,"1304355","G.ANUSHA",200,0,309,0,509
505,"1310356","CH.CRISTIYANAMMA",200,0,5450,0,5650
506,"1310357","MUTYALA NAGAMALLI",200,0,2301,0,2501
507,"1310358","CHEBROLU ROJAPUSHPAM",200,0,4961,0,5161
508,"1310359","RUNJALA ROJAPUSHPAM",200,0,5950,0,6150
509,"1310360","YALLA MERI",200,0,5325,0,5525
510,"1310361","CHEBROLU ANITHA",200,0,3759,0,3959
511,"1310362","INTI BAGHYAMERI",200,0,2898,0,3098
512,"1310363","MOGADATI RAJAMMA",200,0,107,0,307
513,"1310364","CHEBROLU JOHNSI",200,0,1374,0,1574
514,"1310365","MOGADATI SUNITHA",200,0,107,0,307
515,"1310366","BATTULA YESUDEEVENAMMA",200,0,3779,0,3979
516,"1310367","MEDEPALLI RANI",200,0,5218,0,5418
517,"1310368","MOGADATI MARTHAMMA",200,0,4551,0,4751
518,"1310369","MADDALA MERI",200,0,5484,0,5684
519,"1310370","VASIPALLI ESTERURANI",200,0,1705,0,1905
520,"1310371","MANNEPALLI JYOTHI",200,0,912,0,1112
521,"1310372","GUNDABATTINA RAMANA",200,0,321,0,521
522,"1310373","GUNDABATTINA BAGHYALAKSHIMI",200,0,4253,0,4453
523,"1310374","GUNDABATTINA NAGAMANI",200,0,321,0,521
524,"1310375","BADUGU MERI",200,0,960,0,1160
525,"1310376","CHEELI BRIJETHAMMA",200,0,1608,0,1808
526,"1310377","KARTU ANJALI",200,0,3456,0,3656
527,"1310378","CHIGURUPATI MANIKYAMMA",200,0,965,0,1165
528,"1310379","CHIGURUPATI PADMAVATHI",200,0,965,0,1165
529,"1310380","VARA PRAKASAMM",200,0,2544,0,2744
530,"1310381","VAMPUGADDA MATHAMMA",200,0,1286,0,1486
531,"1310382","MANNEPALLI JYOTHI",200,0,1608,0,1808
532,"1310383","KAMBAM MERIMMA",200,0,3507,0,3707
533,"1310384","PULAVARTHI NEERIKSHANA",200,0,4038,0,4238
534,"1310385","CHINTA BAVITHA",200,0,643,0,843
535,"1310386","PULAVARTHI VENKATARAMANA",200,0,5330,0,5530
536,"1310387","PULI VIJAYALALITHA",200,0,74,0,274
537,"1310388","NULU JYOTHI",200,0,966,0,1166
538,"1310389","RUNJALA MARIYAMMA-MONA",200,0,21,0,221
539,"1310390","NULU PARISHUDDAM",200,0,171,0,371
540,"1310391","CHINTA MERIMMA",200,0,10,0,210
541,"1310392","GUMMADI NEELAMMA",200,0,54,0,254
542,"1310393","RUNJALA PRASANTHI",200,0,10,0,210
543,"1310394","RUNJALA RAMADEVI",200,0,86,0,286
544,"1310395","RUNJALA JOJIKUMARI",200,0,214,0,414
545,"1310396","RUNJALA KUMARI",200,0,193,0,393
546,"1310397","RUNJALA MARIYAMMA-YEBU",200,0,86,0,286
547,"1310398","CHIGURUPATI JOSHPHIN",200,0,1608,0,1808
548,"1310399","CHINTA APARANJAMMA",200,0,0,0,200
549,"1310400","BATTU SAROJINI",200,0,2596,0,2796
550,"1310401","BATTU MARIYAMMA",200,0,312,0,512
551,"1310402","DASARI ANITA",200,0,0,0,200
552,"1310403","PULI BEBI MADUBALA",200,0,3198,0,3398
553,"1310404","JAVVADI ANITHA",200,0,1029,0,1229
554,"1310405","RUNJALA DEVAMANI",200,0,10,0,210
555,"1310406","GHANTASALA MARGARETU",200,0,5016,0,5216
556,"1310407","RUNJALA TEKULAMMA",200,0,5026,0,5226
557,"1310408","MOGADATI DURGA",200,0,3764,0,3964
558,"1310409","INTI ASASRI",200,0,1173,0,1373
559,"1310410","THOTA JOHNSI",200,0,2535,0,2735
560,"1310411","KONDETI AGNESAMMA",200,0,4091,0,4291
561,"1311412","POLIMETLA YESUDEEVENAMMA",200,0,4640,0,4840
562,"1311413","MOTRU PUSHPALATHA",200,0,906,0,1106
563,"1311414","PULI KOTAMMA",200,0,2213,0,2413
564,"1311415","BATTU SAROJINI",200,0,10,0,210
565,"1311416","BADUGU PRAMEELARANI",200,0,321,0,521
566,"1311417","MADDALA ELISHABETHAMMA",200,0,4683,0,4883
567,"1311418","KAPUDASI MERIBAYAMMA",200,0,4599,0,4799
568,"1311419","POLIMETLA PRAMEELA",200,0,3061,0,3261
569,"1311420","JAKKULA DEVAMATHA",200,0,1683,0,1883
570,"1311421","ADAPA LAKSHMI",200,0,1278,0,1478
571,"1311422","KROVI ANURADHA",200,0,2224,0,2424
572,"1311423","PULLETI NAGAKRISHNAKUMARI",200,0,1959,0,2159
573,"1312424","SIDDELA MARIYAMMA",200,0,1901,0,2101
574,"1401424","BODDU VIJAYAKUMARI",200,0,3151,0,3351
575,"1401425","BAIREDDY JYOTHI",200,0,4056,0,4256
576,"1401426","GOVADA MARTHAMMA",200,0,2213,0,2413
577,"1401427","GUDISEVA VANI",200,0,3032,0,3232
578,"1401428","SINGAMSETTI KRISHNAKUMARI",200,0,2827,0,3027
579,"1402429","SINGAMSETTI LAKSHMI",200,0,2097,0,2297
580,"1402430","SINGAMSETTI SUREKHA",200,0,2157,0,2357
581,"1402431","THOTA ANNAPURNA",200,0,337,0,537
582,"1402432","YADALA NAGABALAJI",200,0,2511,0,2711
583,"1402433","MANDA NAGAMANI",200,0,2515,0,2715
584,"1402434","VALLABAPURAPU VIMALA",200,0,1589,0,1789
585,"1402435","SINGAMSETTI VEERAKUMARI",200,0,9,0,209
586,"1402436","PULLETI NANCHARAMMA",200,0,354,0,554
587,"1402437","CHITTURI.B.N.V.K.SOUNDARY ",200,0,63,0,263
588,"1402438","THOTA VENKATA SUBBAMMA ",200,0,1646,0,1846
589,"1402439","MANDA DHANALAKSHMI ",200,0,33,0,233
590,"1402440","MARRIVADA RAMALAKSHMI ",200,0,386,0,586
591,"1402441","BURAGADDA KUMARI ",200,0,1253,0,1453
592,"1402442","BANDARI ANKAMMA ",200,0,1261,0,1461
593,"1402443","DASARI NAGALAKSHMI ",200,0,482,0,682
594,"1402444","ARIGE KANAKADURGA ",200,0,1044,0,1244
595,"1402445","GOVADA SWARUPA RANI",200,0,676,0,876
596,"1402446","THOTA SEETHARAVAMMA ",200,0,1023,0,1223
597,"1402447","VALLABAPURAPU BRAMARAMBA ",200,0,1338,0,1538
598,"1403448","MADASU DHANALAKSHMI ",200,0,428,0,628
599,"1403449","ACHYUTA DHANALAKSHMI",200,0,1247,0,1447
600,"1403450","ACHYUTA RAMANAKUMARI",200,0,1258,0,1458
601,"1403451","PENTA RAMANAMMA",200,0,956,0,1156
602,"1403452","ARIGE SYAMALA",200,0,894,0,1094
603,"3881","SUSEELA KAGITHA ",200,0,0,0,200
604,"3882","MANGAMMA KAGITHA ",200,0,0,0,200
605,"3883","KRISHNAVENI BOLLA",200,0,0,0,200
606,"3884","NAGALAKSHMI KAGITHA ",200,0,0,0,200
607,"3885","NAGALAKSHMI NAGULA ",200,0,0,0,200
608,"3886","NAGALAKSHMI KESANI ",200,0,0,0,200
609,"3887","RAMAKRISHNA MOTUKURI ",200,0,0,0,200
610,"3888","HANUMAYAMMA BADUGU ",200,0,0,0,200
611,"3889","VEERAMM KESANI ",200,0,0,0,200
612,"3890","BUJJI KESANI ",200,0,0,0,200
613,"3891","SESHAMMA KATTA  ",200,0,0,0,200
614,"3892","NAGAMANI KESANI ",200,0,0,0,200
615,"3893","RAMADEVI PADAMATI(Nancharaiah-son)",200,0,0,0,200
616,"3894","VENKATESWARAMMA NAGULA",200,0,0,0,200
617,"3895","AMALESWARI MURRALA ",200,0,0,0,200
618,"0281A","DONE NAGAMANI",200,347,0,0,547
619,"0285A","CHEBROLU RANI ",200,536,0,0,736
620,"0288A","NAKKA SIPORA",200,275,0,0,475
621,"0299A","CHEBROLU SHARMILA ",200,184,0,0,384
622,"0304A","PULI MERIMMA",200,597,0,0,797
623,"0305","REMALLI MARIYAMMA",200,330,0,0,530
624,"0344","PILLEM INDIRA",200,411,0,0,611
625,"0345","PONUKUMATI JYOTHI",200,245,0,0,445
626,"0346","LELLA SWARNALATHA",200,184,0,0,384
627,"0886A","TALARI PRASANTHI",200,356,0,0,556
628,"0889A","GUNDABATTINA RATNAKUMARI",200,543,0,0,743
629,"0907","KURELLA ANNAMANI ",200,506,0,0,706
630,"0908","DASARI KUMARI",200,480,0,0,680
631,"0909","KOTE RANI ",200,457,0,0,657
632,"0910","CHINNAM VIJAY",200,406,0,0,606
633,"0911","VASUPALLI DIVYA",200,53,0,0,253
634,"0912","VAMPUGADDA SUJATHA",200,233,0,0,433
635,"0913","SALAGALA SULOCHANA",200,61,0,0,261
636,"1020","PALLAPATI PRINCY",200,290,0,0,490
637,"1021","VAMPUGADDA KAMALAKUMARI",200,194,0,0,394
638,"1022","KONDRU NAGAKUMARI",200,102,0,0,302
639,"1045A","PAMARTHI VEERAKUMARI",200,338,0,0,538
640,"1051A","KATIKALA JYOTHI LEELA",200,112,0,0,312
641,"1052A","DEGALA DURGAMMA",200,112,0,0,312
642,"1071A","RACHAMALLA NAGASIROMANI",200,245,0,0,445
643,"1075A","KATIKALA POLAMMA",200,112,0,0,312
644,"1076","PURAMA VEERAKUMARI ",200,379,0,0,579
645,"1077","ANGADALA PUSHPAVATHI ",200,379,0,0,579
646,"1078","KOMOJU BAGHYALAKSHMI ",200,379,0,0,579
647,"1081","NANDAMALA SUDHARANI",200,431,0,0,631
648,"1082","CHITTURI RANGAMANI(CL)",200,431,0,56070,56701
649,"1083","BOPPA LAKSHMI GAYATRI",200,432,0,0,632
650,"1084","NANDAMALA GANGABHAVANI",200,431,0,0,631
651,"1085","MOTEPALLI NAGAPADMA",200,431,0,0,631
652,"1086","GONA VENKATADHANALAKSHMI",200,431,0,0,631
653,"1087","NANDAMURI SUNDARAMMA",200,431,0,0,631
654,"1088","BATTU SAROJINI",200,431,0,0,631
655,"1089","BASTATI KRISHNAVENI",200,442,0,0,642
656,"1090","PAGOLU DHANALAKSHMI",200,431,0,0,631
657,"1091","DAKARAPU INDIRA",200,431,0,0,631
658,"1092","DAKARAPU SANTAKUMARI",200,432,0,0,632
659,"1093","DASARI MAHONARAM",200,431,0,0,631
660,"1094","CHENNAKESAVA KRISHNAKUMARI",200,431,0,0,631
661,"1095","PAGOLU VEERAMMA",200,431,0,0,631
662,"1096","CHINTALA DEVAMATHA",200,431,0,0,631
663,"1097","PAGOLU NAKSHTRAM",200,431,0,0,631
664,"1098","NANDAMALA GANGABHAVANI",200,431,0,0,631
665,"1099","PAGOLU BHAVANI",200,431,0,0,631
666,"1100","PAGOLU SAKUNTHALA",200,431,0,0,631
667,"1101","PAGOLU PRASANTHI ",200,421,0,0,621
668,"1102","DAKARAPU HYMAVATHI ",200,421,0,0,621
669,"1103","RANGA NAGAMANI ",200,442,0,0,642
670,"1104","VELPURI DHANALAKSHMI ",200,537,0,0,737
671,"1104A","PAGOLU VIMALA",200,102,0,0,302
672,"1105","GUDAPATI KRISHNA KUMARI ",200,32,0,0,232
673,"1105A","CHINTALA BUCHIMMA",200,359,0,0,559
674,"1106","PAGOLU MANI",200,421,0,0,621
675,"1107","VELAGALETI VIJAYAKUMARI ",200,411,0,0,611
676,"1108","DAKARAPU MANGAMMA ",200,411,0,0,611
677,"1109","BASTATI SARITHA ",200,411,0,0,611
678,"1110","BASTATI DURGA ",200,416,0,0,616
679,"1111","NALLAJERU SIVAPARVATHI",200,395,0,0,595
680,"1112","BASTATI RAJAKUMARI ",200,400,0,0,600
681,"1113","JALLIPALLI UMADEVI",200,390,0,0,590
682,"1114","VADLANI VENKATESWARARANI ",200,430,0,0,630
683,"1115","NALLAJERU DHANALAKSHMI",200,390,0,0,590
684,"1121","KATIKALA RATNAKUMARI",200,245,0,0,445
685,"1122","KOTARI UMADEVI",200,194,0,0,394
686,"1123","PENTAPALLI LAKSHMI",200,194,0,0,394
687,"1124","RACHAMALLA ANASURYA",200,194,0,0,394
688,"1125","POLUKONDA ANJALIDEVI",200,194,0,0,394
689,"1126","RACHAMALLA NAGAMANI",200,194,0,0,394
690,"1127","AB.ABEEDUNNISA",200,112,0,0,312
691,"1161","VAASE LAKSHMIKUMARI",200,194,0,0,394
692,"1162","VAASE NIRMALAKUMARI",200,296,0,0,496
693,"1163","KURELLA VENKATESWARAMMA",200,734,0,0,934
694,"1164","PULAVARTHI SIROMANI",200,235,0,0,435
695,"1165","VAASE JOHNSI",200,296,0,0,496
696,"1166","TEKUPUDI SUNITHA",200,296,0,0,496
697,"1167","GUDISE PEDDINTLAMMA",200,296,0,0,496
698,"1168","KURELLA NAGAJYOTHI",200,194,0,0,394
699,"1169","KURELLA MERIPRAMEELA",200,296,0,0,496
700,"1170","VAASE MARIYAMMA",200,296,0,0,496
701,"1171","KURELLA NANCHARAMMA",200,296,0,0,496
702,"1172","TEKUPUDI AVVAMMA",200,296,0,0,496
703,"1173","KURELLA BAGHAYALAKSHMI",200,296,0,0,496
704,"1174","KURELLA NAGALAKSHMI",200,194,0,0,394
705,"1175","TEKUPUDI YESUMARIYAMMA",200,194,0,0,394
706,"1176","KURELLA VICTORIYA RANI",200,296,0,0,496
707,"1177","KURELLA MARIYAMMA",200,194,0,0,394
708,"1178","KURELLA AMRUTHAMMA",200,235,0,0,435
709,"1179","GOTRU DEVAMANI",200,194,0,0,394
710,"1180","KURELLA RATNAKUMARI",200,219,0,0,419
711,"1181","KURELLA VENKATESWARAMMA",200,194,0,0,394
712,"1182","KURELLA KAMALA",200,163,0,0,363
713,"1183","PULAVARTHI ESWARI",200,163,0,0,363
714,"1184","GUDISE SEETHA",200,163,0,0,363
715,"1185","PULAVARTHI MOUNIKA",200,153,0,0,353
716,"1186","KURELLA MERIMMA",200,133,0,0,333
717,"1187","VASE RAJESWARI DEVI",200,143,0,0,343
718,"1201","GANTA KRISHNAVENI",200,204,0,0,404
719,"1202","DULLA RAMANA",200,224,0,0,424
720,"1203","GANTA MERY",200,275,0,0,475
721,"1204","KATIKALA VASUMATHI",200,184,0,0,384
722,"1205","DARAM RAJANI",200,224,0,0,424
723,"1206","SADARLA KAMALA(CL)",200,204,0,0,404
724,"1207","KANCHARLA LATHA",200,184,0,0,384
725,"1208","ELIPI VENKATESWARAMMA",200,245,0,0,445
726,"1209","MUTYALA PUSHPA",200,184,0,0,384
727,"1210","MEDANKI SUNEETHA",200,224,0,135135,135559
728,"1211","EEDA NAGESWARAMMA",200,214,0,0,414
729,"1212","GUDAPATI MERI",200,224,0,0,424
730,"1213","MUTYALA AMALAKUMARI",200,224,0,0,424
731,"1214","BATHULA RAMADEVI",200,224,0,76545,76969
732,"1215","BATHULA NAGAMANI",200,184,0,0,384
733,"1216","KANAPARTHI CHANTI",200,224,0,0,424
734,"1217","MANDE DHANALAKSHMI",200,224,0,0,424
735,"1218","GANTA MERI",200,184,0,0,384
736,"1219","NATTA BEBI SALOMI",200,224,0,0,424
737,"1220","BETHALA PARVATHA",200,304,0,0,504
738,"0012","Mrs.Polimetla Lurdumeri",200,0,0,76781,76981
739,"0013","Mr.L.Sudhakar",200,0,0,395220,395420
740,"1047A","JONNALAGADDA VARALAKSHMI ",200,0,0,26250,26450
741,"1224","SINGARAPU JOHNSI",200,0,0,156083,156283
742,"1512669","Bathula Samudreni",200,0,0,77595,77795
743,"1404453","KOMOJU BAGHYALAKSHMI ",200,0,634,0,834
744,"1404454","ANGADALA PUSHPAVATHI ",200,0,16,0,216
745,"1404455","PURAMA VEERAKUMARI ",200,0,541,0,741
746,"1405456","PONUKUMATI VENKATARAMANA",200,0,6381,0,6581
747,"1406457","GUNDABATTINA RATNAKUMARI",200,0,3084,0,3284
748,"1406458","PILLEM INDIRA",200,0,2549,0,2749
749,"1408459","PAMARTHI VEERAKUMARI",200,0,466,0,666
750,"1501460","MOTRU RAVI",200,0,775,0,975
751,"1501461","MOTRU SUJATHA",200,0,51,0,251
752,"1501462","POLIMETLA AKHILASRI",200,0,643,0,843
753,"1502463","VAASE THANOZKUMAR",200,0,51,0,251
754,"1502464","KURELLA BHANU VENKATA SANDHYA",200,0,173,0,373
755,"1502465","KURELLA NANCHARAMMA",200,0,306,0,506
756,"1502466","KURELLA AKHILL",200,0,10,0,210
757,"1502467","KURELLA PRAVEEN KUMAR",200,0,31,0,231
758,"1502468","KURELLA BHAGYALAKSHMI",200,0,122,0,322
759,"1502469","TEKUPUDI AVVAMMA",200,0,102,0,302
760,"1502470","GUDISE BHANU",200,0,306,0,506
761,"1502471","VASE LAKSHMI PRASANNA",200,0,133,0,333
762,"1502472","VASE LAKKIBABU",200,0,102,0,302
763,"1502473","KURELLA KISHORE BABU",200,0,306,0,506
764,"1502474","KURELLA PRAVEEN",200,0,306,0,506
765,"1502475","KURELLA MERI PRAMEELA",200,0,306,0,506
766,"1502476","KURELLA RAVINDRA",200,0,296,0,496
767,"1502477","KURELLA AMRUTHAM",200,0,10,0,210
768,"1502478","KURELLA GOWTHAM BABU",200,0,51,0,251
769,"1502479","VASE LAKSHMI PRASANNAKUMARI",200,0,112,0,312
770,"1502480","VAMPUGADDA VIJAYAKUMAR",200,0,102,0,302
771,"1502481","KAILE SIRIVENNELA",200,0,102,0,302
772,"1502482","MANNEPALLI GOWTHAM",200,0,306,0,506
773,"1502483","TADANKI RATNAKUMARI",200,0,388,0,588
774,"1502484","GUDISE MEGHANA",200,0,133,0,333
775,"1503485","ERIKIPATI JAYALAKSHMI",200,0,265,0,465
776,"1503486","AMARTHALA SUNEETHA",200,0,1020,0,1220
777,"0014","Mrs.L.Rahelu",200,0,0,220500,220700
