GCode,GName,Llimit,WDay,RPMode,Cno,MTime,noofBorrw,SCode
1.00000000e+00,"HOUSE LOANS1",0,,"Housing",1,"12/30/99 07:00:00",2,
2.00000000e+00,"HOUSE LOANS0",0,,"Housing",1,"12/30/99 07:00:00",0,
3.00000000e+00,"GOLD LOANS0",0,,"GoldLoans",2,"12/30/99 07:00:00",0,
4.00000000e+00,"MORTGAGE LOANS0",0,,"Mortgage",3,"12/30/99 07:00:00",0,
5.00000000e+00,"KGP Nirmalakumari",1,,"GL Weekly",5,"12/30/99 07:00:00",0,
6.00000000e+00,"KORRAGUNTAPALEM5",1,,"GL Weekly",5,"12/30/99 07:00:00",0,
7.00000000e+00,"KORRAGUNTAPALEM4",1,,"GL Weekly",5,"12/30/99 07:00:00",0,
8.00000000e+00,"KORRAGUNTAPALEM2",1,,"GL Weekly",5,"12/30/99 07:00:00",0,
9.00000000e+00,"5    Loan Cleared ",1,,"GL Weekly",5,"12/30/99 07:00:00",0,
1.00000000e+01,"KORRAGUNTAPALEM1",1,,"GL Weekly",5,"12/30/99 07:00:00",0,
1.10000000e+01,"2 KGP Nirmalakumari",1,,"GL Weekly",5,"12/30/99 08:30:00",1,
1.20000000e+01,"PARASA GANGA BHAVANI GROUP",1,,"GL Weekly",5,"12/30/99 08:30:00",11,
1.30000000e+01,"1 T SUJATHA GROUP",1,,"GL Weekly",5,"12/30/99 08:30:00",1,
1.40000000e+01,"POLUKONDA0",1,,"GL Weekly",6,"12/30/99 07:00:00",0,
1.50000000e+01,"SURYAPRAKASHRAO PETA0",1,,"GL Weekly",7,"12/30/99 07:00:00",0,
1.60000000e+01,"NAKKAVARI PALEM9",1,,"GL Weekly",8,"12/30/99 07:00:00",0,
1.70000000e+01,"Yankamma",1,,"GL Weekly",8,"12/30/99 07:00:00",8,
1.80000000e+01,"Indira",1,,"GL Weekly",8,"12/30/99 07:00:00",3,
1.90000000e+01,"NAKKAVARI PALEM8",1,,"GL Weekly",8,"12/30/99 07:00:00",7,
2.00000000e+01,"NAKKAVARI PALEM7",1,,"GL Weekly",8,"12/30/99 07:00:00",5,
2.10000000e+01,"NAKKAVARI PALEM6",1,,"GL Weekly",8,"12/30/99 07:00:00",0,
2.20000000e+01,"NAKKAVARI PALEM0",1,,"GL Weekly",8,"12/30/99 07:00:00",0,
2.30000000e+01,"NAKKAVARI PALEM1",1,,"GL Weekly",8,"12/30/99 07:00:00",0,
2.40000000e+01,"NAKKAVARI PALEM5",1,,"GL Weekly",8,"12/30/99 07:00:00",0,
2.50000000e+01,"NAKKAVARI PALEM2",1,,"GL Weekly",8,"12/30/99 07:00:00",0,
2.60000000e+01,"NAKKAVARI PALEM3",1,,"GL Weekly",8,"12/30/99 07:00:00",9,
2.70000000e+01,"KAMALA",1,,"GL Weekly",8,"12/30/99 07:00:00",10,
2.80000000e+01,"ANAMANAPUDI 4 Veena kumari",1,,"GL Weekly",9,"12/30/99 08:00:00",3,
2.90000000e+01,"ANAMANAPUDI6",1,,"GL Weekly",9,"12/30/99 07:00:00",0,
3.00000000e+01,"ANAMANAPUDI5",1,,"GL Weekly",9,"12/30/99 07:00:00",0,
3.10000000e+01,"ANAMANAPUDI4",1,,"GL Weekly",9,"12/30/99 07:00:00",0,
3.20000000e+01,"ANAMANAPUDI3",1,,"GL Weekly",9,"12/30/99 07:00:00",0,
3.30000000e+01,"ANAMANAPUDI2",1,,"GL Weekly",9,"12/30/99 07:00:00",0,
3.40000000e+01,"ANAMANAPUDI 1Vanitha",1,,"GL Weekly",9,"12/30/99 08:00:00",4,
3.50000000e+01,"ANAMANAPUDI0",1,,"GL Weekly",9,"12/30/99 07:00:00",0,
3.60000000e+01,"ANAMANAPUDI AKHILA",1,,"GL Weekly",9,"12/30/99 08:00:00",3,
3.70000000e+01,"ANAMANAPUDI 2 Jayalakshmi",1,,"GL Weekly",9,"12/30/99 07:00:00",0,
3.80000000e+01," Naga Lakshmi Grp moturu ",1,,"GL Weekly",16,"12/30/99 09:30:00",4,
3.90000000e+01,"ANAMANAPUDI1",1,,"GL Weekly",9,"12/30/99 07:00:00",0,
4.00000000e+01,"TIPPANAGUNTA2",1,,"GL Weekly",10,"12/30/99 07:00:00",0,
4.10000000e+01,"TIPPANAGUNTA6",1,,"GL Weekly",10,"12/30/99 07:00:00",5,
4.20000000e+01,"TIPPANAGUNTA1",1,,"GL Weekly",10,"12/30/99 07:00:00",6,
4.30000000e+01,"TIPPANAGUNTA4",1,,"GL Weekly",10,"12/30/99 07:00:00",0,
4.40000000e+01,"RIMMANAPUDI5",1,,"GL Weekly",5,"12/30/99 07:00:00",0,
4.50000000e+01,"6  Rimmanapui Ratnakumari",1,,"GL Weekly",5,"12/30/99 08:15:00",1,
4.60000000e+01,"1 Rimmanapudi Maneesha Grp",1,,"GL Weekly",5,"12/30/99 08:15:00",1,
4.70000000e+01,"5 Rimmanapudi Sujatha Grp",1,,"GL Weekly",5,"12/30/99 08:15:00",1,
4.80000000e+01,"2  Rimmanapudi Vanitha Grp",1,,"GL Weekly",5,"12/30/99 08:15:00",1,
4.90000000e+01,"RMP BUJJI",1,,"GL Weekly",5,"12/30/99 07:00:00",0,
5.00000000e+01,"3  rimmanapudi Janaki Grp",1,,"GL Weekly",5,"12/30/99 08:15:00",2,
5.10000000e+01,"7  Rimmanapudi Mariyamma Grp",1,,"GL Weekly",5,"12/30/99 08:15:00",1,
5.20000000e+01,"4 Rimmanapudi Ratna karuna Grp",1,,"GL Weekly",5,"12/30/99 08:15:00",1,
5.30000000e+01,"RML Vepuri Mariyamma(Chinni) Group",1,,"GL Weekly",12,"12/30/99 07:00:00",4,
5.40000000e+01,"RML Nageswaramma Group",1,,"GL Weekly",12,"12/30/99 07:00:00",9,
5.50000000e+01,"RML Balamma Group",1,,"GL Weekly",12,"12/30/99 07:00:00",9,
5.60000000e+01,"PATA REMALLI -Gudem1",1,,"GL Weekly",12,"12/30/99 07:00:00",1,
5.70000000e+01,"PATA REMALLI -Gudem2",1,,"GL Weekly",12,"12/30/99 07:00:00",2,
5.80000000e+01,"PATA REMALLI -Gudem3",1,,"GL Weekly",12,"12/30/99 07:00:00",1,
5.90000000e+01,"PATA REMALLI -Gudem4",1,,"GL Weekly",12,"12/30/99 07:00:00",0,
6.00000000e+01,"RML Jyothi-Rajeevgandhi Group",1,,"GL Weekly",12,"12/30/99 07:00:00",8,
6.10000000e+01,"NANDIVADA3",1,,"GL Weekly",13,"12/30/99 07:00:00",0,
6.20000000e+01,"TUMMALAPALLI 2",1,,"GL Weekly",13,"12/30/99 07:00:00",0,
6.30000000e+01,"Nandivada - Sivakumari group",1,,"GL Weekly",70,"12/30/99 07:00:00",8,
6.40000000e+01,"NANDIVADA",1,,"GL Weekly",13,"12/30/99 07:00:00",10,
6.50000000e+01,"SANKARAMPADU0",1,,"GL Weekly",14,"12/30/99 07:00:00",0,
6.60000000e+01,"SANKARAMPADU4",1,,"GL Weekly",14,"12/30/99 07:00:00",0,
6.70000000e+01,"SANKARAMPADU1",1,,"GL Weekly",14,"12/30/99 07:00:00",0,
6.80000000e+01,"SANKARAMPADU2",1,,"GL Weekly",14,"12/30/99 07:00:00",0,
6.90000000e+01,"BANTUMILLI(Arthamuru)0",1,,"GL Weekly",15,"12/30/99 07:00:00",0,
7.00000000e+01,"16   moturu - BC colony [Asha Jyouthi]",1,,"GL Weekly",74,"12/30/99 09:30:00",4,
7.10000000e+01,"1 Baghyameri Group",1,,"GL Weekly",9,"12/30/99 08:45:00",1,
7.20000000e+01,"SERIGOLVEPALLI3",1,,"GL Weekly",16,"12/30/99 07:00:00",0,
7.30000000e+01,"2 Yalla Meri Group",1,,"GL Weekly",16,"12/30/99 07:00:00",3,
7.40000000e+01,"SERIGOLVEPALLI8",1,,"GL Weekly",16,"12/30/99 07:00:00",0,
7.50000000e+01,"SERIGOLVEPALLI7",1,,"GL Weekly",16,"12/30/99 07:00:00",0,
7.60000000e+01,"SERIGOLVEPALLI6",1,,"GL Weekly",16,"12/30/99 07:00:00",0,
7.70000000e+01,"SERIGOLVEPALLI4",1,,"GL Weekly",16,"12/30/99 07:00:00",0,
7.80000000e+01,"SERIGOLVEPALLI2",1,,"GL Weekly",16,"12/30/99 07:00:00",0,
7.90000000e+01,"SERIGOLVEPALLI1",1,,"GL Weekly",16,"12/30/99 07:00:00",0,
8.00000000e+01,"3 Loan Cleared / OD Borrowers",1,,"GL Weekly",16,"12/30/99 07:00:00",0,
8.10000000e+01,"SERIGOLVEPALLI0",1,,"GL Weekly",16,"12/30/99 07:00:00",0,
8.20000000e+01,"MARIYAMMA GROUP",1,,"GL Weekly",16,"12/30/99 09:30:00",12,
8.30000000e+01,"SERIGOLVEPALLI5",1,,"GL Weekly",16,"12/30/99 07:00:00",0,
8.40000000e+01,"INDIVIDUAL LENDING0",1,,"GL Weekly",17,"12/30/99 07:00:00",18,
8.50000000e+01,"VEERAVALLI-B3",1,,"GL Weekly",18,"12/30/99 07:00:00",0,
8.60000000e+01,"VEERAVALLI-B1",1,,"GL Weekly",18,"12/30/99 07:00:00",0,
8.70000000e+01,"VEERAVALLI-B0",1,,"GL Weekly",18,"12/30/99 07:00:00",9,
8.80000000e+01,"VEERAVALLI-B2",1,,"GL Weekly",18,"12/30/99 07:00:00",1,
8.90000000e+01,"GANNAVARAM-B3",1,,"GL Weekly",19,"12/30/99 07:00:00",0,
9.00000000e+01,"GANNAVARAM-B1",1,,"GL Weekly",19,"12/30/99 07:00:00",0,
9.10000000e+01,"2 Upscaned/ loan cleared",1,,"GL Weekly",65,"12/30/99 07:00:00",7,
9.20000000e+01,"G.KRISHNA KUMARI",1,,"GL Weekly",20,"12/30/99 08:00:00",2,
9.30000000e+01,"MANTADA JYOTHI",1,,"GL Weekly",20,"12/30/99 08:00:00",2,
9.40000000e+01,"MANTADA KAMALA  ",1,,"GL Weekly",20,"12/30/99 08:00:00",3,
9.50000000e+01,"MANTADA MARIYAMMA 1",1,,"GL Weekly",20,"12/30/99 08:00:00",2,
9.60000000e+01,"M.SANTHA KUMARI",1,,"GL Weekly",20,"12/30/99 08:00:00",1,
9.70000000e+01,"VISWANADRIPALEM-B2",1,,"GL Weekly",20,"12/30/99 07:00:00",0,
9.80000000e+01,"VISWANADRIPALEM-B5",1,,"GL Weekly",20,"12/30/99 07:00:00",0,
9.90000000e+01,"VENNANAPUDI0",1,,"GL Weekly",21,"12/30/99 07:00:00",0,
1.00000000e+02,"POTTIPADU4",1,,"GL Weekly",22,"12/30/99 07:00:00",4,
1.01000000e+02,"POTTIPADU1",1,,"GL Weekly",22,"12/30/99 07:00:00",5,
1.02000000e+02,"POTTIPADU2",1,,"GL Weekly",22,"12/30/99 07:00:00",5,
1.03000000e+02,"POTTIPADU3",1,,"GL Weekly",22,"12/30/99 07:00:00",5,
1.04000000e+02,"Chintala pudi [Mery] Group",1,,"GL Weekly",23,"12/30/99 07:30:00",4,
1.05000000e+02,"LELLAPUDI0",1,,"GL Weekly",23,"12/30/99 07:00:00",0,
1.06000000e+02,"23 Lellapudi",1,,"GL Weekly",23,"12/30/99 07:00:00",0,
1.07000000e+02,"LELLAPUDI8",1,,"GL Weekly",23,"12/30/99 07:00:00",0,
1.08000000e+02,"LELLAPUDI7",1,,"GL Weekly",23,"12/30/99 07:00:00",0,
1.09000000e+02,"Chevendra",1,,"GL Weekly",28,"12/30/99 07:00:00",1,
1.10000000e+02,"LELLAPUDI5",1,,"GL Weekly",23,"12/30/99 07:00:00",0,
1.11000000e+02,"LELLAPUDI4",1,,"GL Weekly",23,"12/30/99 07:00:00",0,
1.12000000e+02,"LELLAPUDI3",1,,"GL Weekly",23,"12/30/99 07:00:00",0,
1.13000000e+02,"LELLAPUDI2",1,,"GL Weekly",23,"12/30/99 07:00:00",3,
1.14000000e+02,"Chintala pudi [Kumari]Group",1,,"GL Weekly",23,"12/30/99 07:30:00",10,
1.15000000e+02,"LELLAPUDI6",1,,"GL Weekly",23,"12/30/99 07:00:00",0,
1.16000000e+02,"Lellapudi [Durga] Group",1,,"GL Weekly",23,"12/30/99 07:00:00",9,
1.17000000e+02,"GURAJA2",1,,"GL Weekly",24,"12/30/99 07:00:00",0,
1.18000000e+02,"GURAJA1",1,,"GL Weekly",24,"12/30/99 07:00:00",0,
1.19000000e+02,"KOTHAPALLI Colony3",1,,"GL Weekly",25,"12/30/99 07:00:00",5,
1.20000000e+02,"KOTHAPALLI Colony4",1,,"GL Weekly",25,"12/30/99 07:00:00",3,
1.21000000e+02,"KOTHAPALLI Colony2",1,,"GL Weekly",25,"12/30/99 07:00:00",4,
1.22000000e+02,"KOTHAPALLI Colony1",1,,"GL Weekly",25,"12/30/99 07:00:00",1,
1.23000000e+02,"CHINTALAPUDI1",1,,"GL Weekly",24,"12/30/99 07:00:00",0,
1.24000000e+02,"CHINTALAPUDI0",1,,"GL Weekly",24,"12/30/99 07:00:00",0,
1.25000000e+02,"CHINTALAPUDI4",1,,"GL Weekly",24,"12/30/99 07:00:00",0,
1.26000000e+02,"CHINTALAPUDI2",1,,"GL Weekly",24,"12/30/99 07:00:00",0,
1.27000000e+02,"CHINTALAPUDI5",1,,"GL Weekly",24,"12/30/99 07:00:00",0,
1.28000000e+02,"CHINTALAPUDI6",1,,"GL Weekly",24,"12/30/99 07:00:00",0,
1.29000000e+02,"CHINTALAPUDI7",1,,"GL Weekly",43,"12/30/99 07:00:00",7,
1.30000000e+02,"CHINTALAPUDI3",1,,"GL Weekly",24,"12/30/99 07:00:00",0,
1.31000000e+02,"VMD MUTTAMMA",1,,"GL Weekly",27,"12/30/99 07:00:00",1,
1.32000000e+02,"VMD DHANALAKSHMI",1,,"GL Weekly",27,"12/30/99 07:00:00",1,
1.33000000e+02,"VMD Cleared Loans",1,,"GL Weekly",27,"12/30/99 07:00:00",1,
1.34000000e+02,"3 Chintala Ramalakshmi (Gold Covering)",1,,"GL Weekly",27,"12/30/99 07:00:00",0,
1.35000000e+02,"2 Ramalakshmi(School)",1,,"GL Weekly",27,"12/30/99 07:00:00",0,
1.36000000e+02,"VMD-Malapalli - Natta Jeevana Jyothi",1,,"GL Weekly",52,"12/30/99 07:30:00",5,
1.37000000e+02,"VMD NAGAMANI",1,,"GL Weekly",27,"12/30/99 07:00:00",0,
1.38000000e+02,"VADLAMANNADU4",1,,"GL Weekly",27,"12/30/99 07:00:00",0,
1.39000000e+02,"Achyuta Dhanalakshmi (Vasu) Group",1,,"GL Weekly",27,"12/30/99 07:00:00",6,
1.40000000e+02,"4 Penneru Ramu Group",1,,"GL Weekly",27,"12/30/99 07:00:00",1,
1.41000000e+02,"4 Chintala Ramalakshmi (Gold Covering)",1,,"GL Weekly",27,"12/30/99 08:30:00",16,
1.42000000e+02,"VADLAMANNADU8",1,,"GL Weekly",27,"12/30/99 07:00:00",0,
1.43000000e+02,"VADLAMANNADU5",1,,"GL Weekly",27,"12/30/99 07:00:00",0,
1.44000000e+02,"VADLAMANNADU3",1,,"GL Weekly",27,"12/30/99 07:00:00",0,
1.45000000e+02,"VADLAMANNADU2",1,,"GL Weekly",27,"12/30/99 07:00:00",0,
1.46000000e+02,"VADLAMANNADU1",1,,"GL Weekly",27,"12/30/99 07:00:00",0,
1.47000000e+02,"VADLAMANNADU0",1,,"GL Weekly",27,"12/30/99 07:00:00",0,
1.48000000e+02,"5 Penneru Ramu Group",1,,"GL Weekly",28,"12/30/99 08:50:00",1,
1.49000000e+02,"VADLAMANNADU7",1,,"GL Weekly",27,"12/30/99 07:00:00",0,
1.50000000e+02,"3 Rama Lakshmi (School)Group",1,,"GL Weekly",28,"12/30/99 08:00:00",14,
1.51000000e+02,"CHITRAM4",1,,"GL Weekly",28,"12/30/99 07:00:00",0,
1.52000000e+02,"CHITRAM3",1,,"GL Weekly",28,"12/30/99 07:00:00",0,
1.53000000e+02,"CHITRAM2",1,,"GL Weekly",28,"12/30/99 07:00:00",0,
1.54000000e+02,"CHITRAM1",1,,"GL Weekly",28,"12/30/99 07:00:00",0,
1.55000000e+02,"CHITRAM Ganaga bhavani",1,,"GL Weekly",28,"12/30/99 07:00:00",0,
1.56000000e+02,"CHITRAM5",1,,"GL Weekly",28,"12/30/99 07:00:00",0,
1.57000000e+02,"CHITRAM0",1,,"GL Weekly",28,"12/30/99 07:00:00",0,
1.58000000e+02,"TATTIVARRU DEEPIKA GROUP",1,,"GL Weekly",62,"12/30/99 07:00:00",7,
1.59000000e+02,"1 CHITRAM Gayatri",1,,"GL Weekly",62,"12/30/99 07:45:00",15,
1.60000000e+02,"KONDIPARU",1,,"GL Weekly",28,"12/30/99 07:00:00",0,
1.61000000e+02,"KONDAYAPALEM",1,,"GL Weekly",28,"12/30/99 07:00:00",0,
1.62000000e+02,"2 CHITRAM Manoharam",1,,"GL Weekly",28,"12/30/99 07:00:00",0,
1.63000000e+02,"CHITRAM6",1,,"GL Weekly",28,"12/30/99 07:00:00",0,
1.64000000e+02,"CHITRAM7",1,,"GL Weekly",28,"12/30/99 07:00:00",0,
1.65000000e+02,"Kondiparru[surya rani group]",1,,"GL Weekly",62,"12/30/99 07:30:00",8,
1.66000000e+02,"VADLAMANNADU-School6",1,,"GL Weekly",29,"12/30/99 07:00:00",0,
1.67000000e+02,"VADLAMANNADU-School1",1,,"GL Weekly",29,"12/30/99 07:00:00",0,
1.68000000e+02,"VADLAMANNADU-School2",1,,"GL Weekly",29,"12/30/99 07:00:00",0,
1.69000000e+02,"VADLAMANNADU-School3",1,,"GL Weekly",29,"12/30/99 07:00:00",0,
1.70000000e+02,"VADLAMANNADU-School5",1,,"GL Weekly",29,"12/30/99 07:00:00",0,
1.71000000e+02,"VADLAMANNADU-School4",1,,"GL Weekly",29,"12/30/99 07:00:00",0,
1.72000000e+02,"KORLAPADU2",1,,"GL Weekly",30,"12/30/99 07:00:00",0,
1.73000000e+02,"KORLAPADU8",1,,"GL Weekly",30,"12/30/99 07:00:00",1,
1.74000000e+02,"KORLAPADU1",1,,"GL Weekly",30,"12/30/99 07:00:00",0,
1.75000000e+02,"KORLAPADU7",1,,"GL Weekly",30,"12/30/99 07:00:00",0,
1.76000000e+02,"KORLAPADU6",1,,"GL Weekly",30,"12/30/99 07:00:00",0,
1.77000000e+02,"KORLAPADU5",1,,"GL Weekly",30,"12/30/99 07:00:00",1,
1.78000000e+02,"KORLAPADU4",1,,"GL Weekly",30,"12/30/99 07:00:00",0,
1.79000000e+02,"KORLAPADU3",1,,"GL Weekly",30,"12/30/99 07:00:00",0,
1.80000000e+02,"1 KORLAPADU-Venkateswaramma",1,,"GL Weekly",30,"12/30/99 09:30:00",10,
1.81000000e+02,"2 KORLAPADU Upscaned",1,,"GL Weekly",30,"12/30/99 09:30:00",2,
1.82000000e+02,"VENTRAPRAGADA SANTHA KUMARI GROUP",1,,"GL Weekly",65,"12/30/99 07:00:00",12,
1.83000000e+02,"VENTRAPRAGAD1",1,,"GL Weekly",31,"12/30/99 07:00:00",1,
1.84000000e+02,"EEDULAMADDALI-A0",1,,"GL Weekly",31,"12/30/99 07:00:00",0,
1.85000000e+02,"EEDULAMADDALI-A3",1,,"GL Weekly",31,"12/30/99 07:45:00",1,
1.86000000e+02,"EEDULAMADDALI-A1",1,,"GL Weekly",31,"12/30/99 07:00:00",0,
1.87000000e+02,"EEDULAMADDALI-A2",1,,"GL Weekly",31,"12/30/99 07:00:00",0,
1.88000000e+02,"EEDULAMADDALI-A8",1,,"GL Weekly",31,"12/30/99 07:00:00",0,
1.89000000e+02,"Dondapadu S.Appamma",1,,"GL Weekly",31,"12/30/99 09:00:00",1,
1.90000000e+02,"EEDULAMADDALI-A6",1,,"GL Weekly",31,"12/30/99 07:00:00",1,
1.91000000e+02,"EEDULAMADDALI-A4",1,,"GL Weekly",31,"12/30/99 07:00:00",0,
1.92000000e+02,"EEDULAMADDALI-A5",1,,"GL Weekly",31,"12/30/99 07:00:00",0,
1.93000000e+02,"EEDULAMADDALI-A7",1,,"GL Weekly",31,"12/30/99 07:00:00",0,
1.94000000e+02,"EEDULAMADDALI-B (NPA)0",1,,"GL Weekly",32,"12/30/99 07:00:00",15,
1.95000000e+02,"VEERAVALLI-Gudem7",1,,"GL Weekly",33,"12/30/99 07:00:00",1,
1.96000000e+02,"VEERAVALLI-Gudem2",1,,"GL Weekly",33,"12/30/99 07:00:00",1,
1.97000000e+02,"VEERAVALLI-Gudem3",1,,"GL Weekly",33,"12/30/99 07:00:00",2,
1.98000000e+02,"VEERAVALLI-Gudem1",1,,"GL Weekly",33,"12/30/99 07:00:00",2,
1.99000000e+02,"Veeravalli",1,,"GL Weekly",33,"12/30/99 07:00:00",17,
2.00000000e+02,"VEERAVALLI-Gudem5",1,,"GL Weekly",33,"12/30/99 07:00:00",1,
2.01000000e+02,"VEERAVALLI-Gudem6",1,,"GL Weekly",33,"12/30/99 07:00:00",1,
2.02000000e+02,"Tippanagunta",1,,"GL Weekly",33,"12/30/99 07:00:00",13,
2.03000000e+02,"KSeetharamapuram OD",1,,"GL Weekly",33,"12/30/99 07:00:00",16,
2.04000000e+02,"PATA REMALLI -B5",1,,"GL Weekly",34,"12/30/99 07:00:00",0,
2.05000000e+02,"PATA REMALLI -B1",1,,"GL Weekly",34,"12/30/99 07:00:00",5,
2.06000000e+02,"PATA REMALLI -B2",1,,"GL Weekly",34,"12/30/99 07:00:00",10,
2.07000000e+02,"PATA REMALLI -B3",1,,"GL Weekly",34,"12/30/99 07:00:00",6,
2.08000000e+02,"PATA REMALLI -B4",1,,"GL Weekly",34,"12/30/99 07:00:00",5,
2.09000000e+02,"Seri Narasannapalem(Kotha Sita",1,,"GL Weekly",35,"12/30/99 07:00:00",2,
2.10000000e+02,"MALLAVALLI-A2",1,,"GL Weekly",36,"12/30/99 07:00:00",4,
2.11000000e+02,"MALLAVALLI-A3",1,,"GL Weekly",36,"12/30/99 07:00:00",0,
2.12000000e+02,"MALLAVALLI-A1",1,,"GL Weekly",36,"12/30/99 07:00:00",4,
2.13000000e+02,"MALLAVALLI-A4",1,,"GL Weekly",36,"12/30/99 07:00:00",2,
2.14000000e+02,"MALLAVALLI-B5",1,,"GL Weekly",37,"12/30/99 07:00:00",4,
2.15000000e+02,"MALLAVALLI-B2",1,,"GL Weekly",37,"12/30/99 07:00:00",0,
2.16000000e+02,"MALLAVALLI-B4",1,,"GL Weekly",37,"12/30/99 07:00:00",3,
2.17000000e+02,"MALLAVALLI-B1",1,,"GL Weekly",37,"12/30/99 07:00:00",2,
2.18000000e+02,"MALLAVALLI-B3",1,,"GL Weekly",37,"12/30/99 07:00:00",4,
2.19000000e+02,"Cheruvukommu - Vani Group",1,,"GL Weekly",38,"12/30/99 07:00:00",10,
2.20000000e+02,"Pedagudem - Loan Cleared Members",1,,"GL Weekly",38,"12/30/99 07:00:00",0,
2.21000000e+02,"Pedagudem Malapalli",1,,"GL Weekly",39,"12/30/99 07:00:00",0,
2.22000000e+02,"PEDAGUDEM-Ventrapragada6",1,,"GL Weekly",39,"12/30/99 07:00:00",0,
2.23000000e+02,"PEDAGUDEM-Ventrapragada2",1,,"GL Weekly",39,"12/30/99 07:00:00",0,
2.24000000e+02,"6 Peda malapalli - Lurdhu group",1,,"GL Weekly",40,"12/30/99 07:00:00",5,
2.25000000e+02,"7 Peda malapalli - Rani group",1,,"GL Weekly",40,"12/30/99 07:00:00",7,
2.26000000e+02,"5 Peda malapalli - Santhakumari group",1,,"GL Weekly",40,"12/30/99 07:00:00",0,
2.27000000e+02,"8 Peda malapalli - Ratnakumari group",1,,"GL Weekly",40,"12/30/99 07:00:00",7,
2.28000000e+02,"MUDINEPALLI-B3",1,,"GL Weekly",41,"12/30/99 07:00:00",0,
2.29000000e+02,"MUDINEPALLI-B2",1,,"GL Weekly",41,"12/30/99 07:00:00",0,
2.30000000e+02,"MUDINEPALLI-B1",1,,"GL Weekly",41,"12/30/99 07:00:00",0,
2.31000000e+02,"CHINTALAMORU5",1,,"GL Weekly",42,"12/30/99 07:00:00",0,
2.32000000e+02,"CHINTALAMORU4",1,,"GL Weekly",42,"12/30/99 07:00:00",0,
2.33000000e+02,"CHINTALAMORU6",1,,"GL Weekly",42,"12/30/99 07:00:00",0,
2.34000000e+02,"CHINTALAMORU0",1,,"GL Weekly",42,"12/30/99 07:00:00",0,
2.35000000e+02,"CHINTALAMORU1",1,,"GL Weekly",42,"12/30/99 07:00:00",0,
2.36000000e+02,"CHINTALAMORU2",1,,"GL Weekly",42,"12/30/99 07:00:00",0,
2.37000000e+02,"CHINTALAMORU3",1,,"GL Weekly",42,"12/30/99 07:00:00",0,
2.38000000e+02,"Kasipudi Rahelamma",1,,"GL Weekly",43,"12/30/99 07:00:00",1,
2.39000000e+02,"KASIPUDI5",1,,"GL Weekly",43,"12/30/99 07:00:00",1,
2.40000000e+02,"Kasipudi Srilakshmi",1,,"GL Weekly",43,"12/30/99 07:00:00",0,
2.41000000e+02,"KASIPUDI1",1,,"GL Weekly",43,"12/30/99 07:00:00",0,
2.42000000e+02,"KASIPUDI2",1,,"GL Weekly",43,"12/30/99 07:00:00",0,
2.43000000e+02,"KASIPUDI3",1,,"GL Weekly",43,"12/30/99 07:00:00",1,
2.44000000e+02,"KASIPUDI4",1,,"GL Weekly",43,"12/30/99 07:00:00",0,
2.45000000e+02,"Kasipudi Loan Cleared",1,,"GL Weekly",43,"12/30/99 07:00:00",12,
2.46000000e+02,"EEDULAMADDALI-ST Colony3",1,,"GL Weekly",44,"12/30/99 07:00:00",0,
2.47000000e+02,"EEDULAMADDALI-ST Colony2",1,,"GL Weekly",44,"12/30/99 07:00:00",0,
2.48000000e+02,"EEDULAMADDALI-ST Colony1",1,,"GL Weekly",44,"12/30/99 07:00:00",0,
2.49000000e+02,"PEDAPALAPARRU8",1,,"GL Weekly",45,"12/30/99 07:00:00",0,
2.50000000e+02,"PEDAPALAPARRU0",1,,"GL Weekly",45,"12/30/99 07:00:00",0,
2.51000000e+02,"PEDAPALAPARRU1",1,,"GL Weekly",45,"12/30/99 07:00:00",0,
2.52000000e+02,"PEDAPALAPARRU5",1,,"GL Weekly",45,"12/30/99 07:00:00",0,
2.53000000e+02,"PEDAPALAPARRU6",1,,"GL Weekly",45,"12/30/99 07:00:00",0,
2.54000000e+02,"3 Burra Danamma",1,,"GL Weekly",46,"12/30/99 07:00:00",7,
2.55000000e+02,"SANKARAMPADU-B7",1,,"GL Weekly",46,"12/30/99 07:00:00",0,
2.56000000e+02,"4 Vasantha",1,,"GL Weekly",46,"12/30/99 07:00:00",11,
2.57000000e+02,"5 Nulu Jyothi",1,,"GL Weekly",9,"12/30/99 07:00:00",15,
2.58000000e+02,"2 Bhavitha",1,,"GL Weekly",46,"12/30/99 07:00:00",10,
2.59000000e+02,"7 Death Case / Loan Cleared",1,,"GL Weekly",46,"12/30/99 07:00:00",3,
2.60000000e+02,"SANKARAMPADU-B5",1,,"GL Weekly",46,"12/30/99 07:00:00",0,
2.61000000e+02,"SANKARAMPADU-B4",1,,"GL Weekly",46,"12/30/99 07:00:00",0,
2.62000000e+02,"1 Venkataramana",1,,"GL Weekly",46,"12/30/99 07:00:00",12,
2.63000000e+02,"JOHNSI",1,,"GL Weekly",46,"12/30/99 07:00:00",5,
2.64000000e+02,"SANKARAMPADU-B2",1,,"GL Weekly",46,"12/30/99 07:00:00",0,
2.65000000e+02,"SANKARAMPADU-B1",1,,"GL Weekly",46,"12/30/99 07:00:00",0,
2.66000000e+02,"SANKARAMPADU-B3",1,,"GL Weekly",46,"12/30/99 07:00:00",0,
2.67000000e+02,"6 Individual",1,,"GL Weekly",46,"12/30/99 07:00:00",1,
2.68000000e+02,"NAKKAVARI PALEM-B4",1,,"GL Weekly",47,"12/30/99 07:00:00",0,
2.69000000e+02,"NAKKAVARI PALEM-B2",1,,"GL Weekly",47,"12/30/99 07:00:00",0,
2.70000000e+02,"NAKKAVARI PALEM-B1",1,,"GL Weekly",47,"12/30/99 07:00:00",0,
2.71000000e+02,"NAKKAVARI PALEM-B5",1,,"GL Weekly",47,"12/30/99 07:00:00",0,
2.72000000e+02,"KOTHAPALLI1",1,,"GL Weekly",48,"12/30/99 07:00:00",14,
2.73000000e+02,"KOTHAPALLI3",1,,"GL Weekly",48,"12/30/99 07:00:00",14,
2.74000000e+02,"KOTHAPALLI4",1,,"GL Weekly",48,"12/30/99 07:00:00",11,
2.75000000e+02,"KOTHAPALLI5",1,,"GL Weekly",48,"12/30/99 07:00:00",5,
2.76000000e+02,"KOTHAPALLI6",1,,"GL Weekly",48,"12/30/99 07:00:00",10,
2.77000000e+02,"KOTHAPALLI7",1,,"GL Weekly",48,"12/30/99 07:00:00",11,
2.78000000e+02,"KOTHAPALLI2",1,,"GL Weekly",48,"12/30/99 07:00:00",20,
2.79000000e+02,"3 VPalem - Parasa Durga",1,,"GL Weekly",49,"12/30/99 09:00:00",6,
2.80000000e+02,"RATNAKUMARI  GROUP",1,,"GL Weekly",49,"12/30/99 07:00:00",5,
2.81000000e+02,"NATTA NANCHARAMMA",1,,"GL Weekly",49,"12/30/99 09:00:00",11,
2.82000000e+02,"VISWANADRIPALEM5",1,,"GL Weekly",49,"12/30/99 07:00:00",0,
2.83000000e+02,"VISWANADRIPALEM4",1,,"GL Weekly",49,"12/30/99 07:00:00",0,
2.84000000e+02,"VISWANADRIPALEM3",1,,"GL Weekly",49,"12/30/99 07:00:00",0,
2.85000000e+02,"VISWANADRIPALEM2",1,,"GL Weekly",49,"12/30/99 07:00:00",0,
2.86000000e+02,"VISWANADRIPALEM1",1,,"GL Weekly",49,"12/30/99 07:00:00",0,
2.87000000e+02,"VISWANADRIPALEM6",1,,"GL Weekly",49,"12/30/99 07:00:00",0,
2.88000000e+02,"DODDA KONDAMMA[GURAJA]",1,,"GL Weekly",5,"12/30/99 07:00:00",15,
2.89000000e+02,"Valli Group",1,,"GL Weekly",50,"12/30/99 08:30:00",13,
2.90000000e+02,"Jyothi Priya Group",1,,"GL Weekly",50,"12/30/99 08:30:00",11,
2.91000000e+02,"Santosham",1,,"GL Weekly",50,"12/30/99 07:00:00",1,
2.92000000e+02,"1 Devamatha",1,,"GL Weekly",50,"12/30/99 08:30:00",6,
2.93000000e+02,"Patsam Lakshmi Group",1,,"GL Weekly",19,"12/30/99 08:30:00",7,
2.94000000e+02,"4 Lalitha",1,,"GL Weekly",50,"12/30/99 07:00:00",0,
2.95000000e+02,"GANNAVARAM6",1,,"GL Weekly",50,"12/30/99 07:00:00",0,
2.96000000e+02,"GANNAVARAM4",1,,"GL Weekly",50,"12/30/99 07:00:00",0,
2.97000000e+02,"GANNAVARAM2",1,,"GL Weekly",50,"12/30/99 07:00:00",0,
2.98000000e+02,"2 Santosham",1,,"GL Weekly",50,"12/30/99 08:30:00",3,
2.99000000e+02,"GANNAVARAM3",1,,"GL Weekly",50,"12/30/99 07:00:00",0,
3.00000000e+02,"GANNAVARAM1",1,,"GL Weekly",50,"12/30/99 07:00:00",0,
3.01000000e+02,"GANNAVARAM5",1,,"GL Weekly",50,"12/30/99 07:00:00",0,
3.02000000e+02,"Devamatha",1,,"GL Weekly",50,"12/30/99 07:00:00",0,
3.03000000e+02,"KOTHAPALLI-B 7",1,,"GL Weekly",51,"12/30/99 07:00:00",0,
3.04000000e+02,"KOTHAPALLI-B 1",1,,"GL Weekly",51,"12/30/99 07:00:00",0,
3.05000000e+02,"1 Bommuluru Durga",1,,"GL Weekly",5,"12/30/99 07:00:00",0,
3.06000000e+02,"VADLAMANNADU-Harijanawada5",1,,"GL Weekly",5,"12/30/99 07:00:00",1,
3.07000000e+02,"VADLAMANNADU-Harijanawada2",1,,"GL Weekly",5,"12/30/99 07:00:00",1,
3.08000000e+02,"3 VDM Harijanawada OD",1,,"GL Weekly",52,"12/30/99 07:00:00",18,
3.09000000e+02,"VADLAMANNADU-Harijanawada4",1,,"GL Weekly",5,"12/30/99 07:00:00",1,
3.10000000e+02,"VADLAMANNADU-Harijanawada3",1,,"GL Weekly",5,"12/30/99 07:00:00",2,
3.11000000e+02,"2 VMD Gudem Sony",1,,"GL Weekly",5,"12/30/99 07:00:00",1,
3.12000000e+02,"TAMIRISA Peda malapalli 8",1,,"GL Weekly",53,"12/30/99 07:00:00",0,
3.13000000e+02,"5 Peda malapalli - Santhakumari group",1,,"GL Weekly",40,"12/30/99 07:00:00",8,
3.14000000e+02,"1 Peda malapalli - Jyothi group",1,,"GL Weekly",53,"12/30/99 07:00:00",0,
3.15000000e+02,"3 Pedamalapalli Alisamma ",1,,"GL Weekly",53,"12/30/99 07:00:00",5,
3.16000000e+02,"TAMIRISA Peda malapalli 6",1,,"GL Weekly",53,"12/30/99 07:00:00",0,
3.17000000e+02,"2 pedamalapalli santhi priya group",1,,"GL Weekly",40,"12/30/99 07:00:00",5,
3.18000000e+02,"4 Pedamalapalli Pushpa",1,,"GL Weekly",53,"12/30/99 07:00:00",10,
3.19000000e+02,"4 Peda malapalli - Pushpa group",1,,"GL Weekly",53,"12/30/99 07:00:00",0,
3.20000000e+02,"3 Peda malapalli - Alisamma group",1,,"GL Weekly",53,"12/30/99 07:00:00",0,
3.21000000e+02,"1 Pedamalapalli Jyothi",1,,"GL Weekly",53,"12/30/99 07:00:00",10,
3.22000000e+02,"VENNANAPUDI0",1,,"GL Weekly",54,"12/30/99 07:00:00",0,
3.23000000e+02,"BETHAVOLU0",1,,"GL Weekly",56,"12/30/99 07:00:00",1,
3.24000000e+02,"ANGALURU palaparthi mery",1,,"GL Weekly",57,"12/30/99 07:00:00",0,
3.25000000e+02,"ANGALURU 5",1,,"GL Weekly",57,"12/30/99 07:00:00",0,
3.26000000e+02,"ANGALURU 4",1,,"GL Weekly",57,"12/30/99 07:00:00",0,
3.27000000e+02,"ANGALURU 1",1,,"GL Weekly",57,"12/30/99 07:00:00",0,
3.28000000e+02,"ANGALURU 0",1,,"GL Weekly",57,"12/30/99 07:00:00",0,
3.29000000e+02,"ANGALURU  CH.SUBHASHINI GROUP",1,,"GL Weekly",59,"12/30/99 10:30:00",2,
3.30000000e+02,"CHANDRALA6",1,,"GL Weekly",59,"12/30/99 07:00:00",0,
3.31000000e+02,"velangini mata group",1,,"GL Weekly",59,"12/30/99 07:00:00",0,
3.32000000e+02,"CHANDRALA2",1,,"GL Weekly",59,"12/30/99 07:00:00",0,
3.33000000e+02,"Chandrala Vara Lusifor",1,,"GL Weekly",59,"12/30/99 10:15:00",5,
3.34000000e+02,"velangini mata group CHANDRALA",1,,"GL Weekly",71,"12/30/99 10:15:00",8,
3.35000000e+02,"MANTADA KUMARI",1,,"GL Weekly",60,"12/30/99 07:00:00",0,
3.36000000e+02,"KORNIPADU M MARRY",1,,"GL Weekly",61,"12/30/99 07:00:00",10,
3.37000000e+02,"61 Pedaparupudi",1,,"GL Weekly",61,"12/30/99 07:00:00",0,
3.38000000e+02,"GURIVINDAGUNTA3",1,,"GL Weekly",61,"12/30/99 07:00:00",0,
3.39000000e+02,"GURIVINDAGUNTA2",1,,"GL Weekly",61,"12/30/99 07:00:00",0,
3.40000000e+02,"GURIVINDAGUNTA0",1,,"GL Weekly",61,"12/30/99 07:00:00",0,
3.41000000e+02,"Gurvindagunta",1,,"GL Weekly",61,"12/30/99 07:00:00",0,
3.42000000e+02,"1 Bapujipeta M VARALAKSHMI)",1,,"GL Weekly",62,"12/30/99 08:30:00",9,
3.43000000e+02,"2 Bapujipeta N DURGA",1,,"GL Weekly",62,"12/30/99 08:30:00",8,
3.44000000e+02,"KONDIPARRU- Muthyala Lakshmi Group",1,,"GL Weekly",62,"12/30/99 08:00:00",10,
3.45000000e+02,"NTR Colony (Pammarru)",1,,"GL Weekly",62,"12/30/99 07:00:00",0,
3.46000000e+02,"BP RAMYA KRISHNA",1,,"GL Weekly",62,"12/30/99 07:00:00",0,
3.47000000e+02,"Bapujipeta (Pamarru)",1,,"GL Weekly",62,"12/30/99 07:00:00",0,
3.48000000e+02,"BABUJI PETA (PAMARRU)6",1,,"GL Weekly",62,"12/30/99 07:00:00",0,
3.49000000e+02,"BABUJI PETA (PAMARRU)3",1,,"GL Weekly",62,"12/30/99 07:00:00",0,
3.50000000e+02,"Gudlavalleru Kaluvagattu B. Mariyamma",1,,"GL Weekly",65,"12/30/99 07:00:00",0,
3.51000000e+02,"Kurada pagolu suhasini",1,,"GL Weekly",65,"12/30/99 09:45:00",8,
3.52000000e+02,"GUDLAVALLERU3",1,,"GL Weekly",65,"12/30/99 07:00:00",0,
3.53000000e+02,"GUDLAVALLERU0",1,,"GL Weekly",65,"12/30/99 07:00:00",0,
3.54000000e+02,"Bhavani Group",1,,"GL Weekly",65,"12/30/99 07:00:00",0,
3.55000000e+02,"Gudlavalleru Nehru Nagar V. Nagamani",1,,"GL Weekly",65,"12/30/99 08:45:00",10,
3.56000000e+02,"Sarada Group",1,,"GL Weekly",65,"12/30/99 07:00:00",0,
3.57000000e+02,"65   Loan Cleared ",1,,"GL Weekly",65,"12/30/99 07:00:00",4,
3.58000000e+02,"KOWTAVARAM  -2nd Group kare rajani",1,,"GL Weekly",65,"12/30/99 07:00:00",8,
3.59000000e+02,"KOWTAVARAM 1st Group CH krupavaram",1,,"GL Weekly",65,"12/30/99 07:30:00",3,
3.60000000e+02,"Kowthavaram M.DURGA BHAVANI",1,,"GL Weekly",71,"12/30/99 07:00:00",8,
3.61000000e+02,"KOWTAVARAM - Droped Members",1,,"GL Weekly",65,"12/30/99 07:00:00",1,
3.62000000e+02,"KOWTAVARAM  -3rd Group K estairu rani",1,,"GL Weekly",59,"12/30/99 07:45:00",1,
3.63000000e+02,"PEDASANAGALLU3",1,,"GL Weekly",67,"12/30/99 07:00:00",0,
3.64000000e+02,"PEDASANAGALLU2",1,,"GL Weekly",67,"12/30/99 07:00:00",0,
3.65000000e+02,"PEDASANAGALLU11",1,,"GL Weekly",67,"12/30/99 07:00:00",0,
3.66000000e+02,"67   Loan Cleared ",1,,"GL Weekly",67,"12/30/99 07:00:00",0,
3.67000000e+02,"PG KALYANI",1,,"GL Weekly",67,"12/30/99 07:00:00",0,
3.68000000e+02,"KONDIPARU",1,,"GL Weekly",67,"12/30/99 07:00:00",0,
3.69000000e+02,"1 Pedavirivada",1,,"GL Weekly",70,"12/30/99 07:00:00",0,
3.70000000e+02,"1 Pedavirivada joji mery grpup",1,,"GL Weekly",70,"12/30/99 08:00:00",11,
3.71000000e+02,"Dropped Borrower",1,,"GL Weekly",70,"12/30/99 07:00:00",0,
3.72000000e+02,"2 THUMMALAPALLI SWARUPA RANI ",1,,"GL Weekly",70,"12/30/99 07:30:00",8,
3.73000000e+02,"Kurada puli sujatha group",1,,"GL Weekly",65,"12/30/99 09:20:00",11,
3.74000000e+02,"Kurada P.LEELAVATHI",1,,"GL Weekly",65,"12/30/99 09:20:00",2,
3.75000000e+02,"PENJENDRA K NEELAVENI  group",1,,"GL Weekly",65,"12/30/99 08:30:00",9,
3.76000000e+02,"PENJENDRA j.varalakshmi group",1,,"GL Weekly",70,"12/30/99 07:00:00",0,
3.77000000e+02,"73   Loan Cleared ",1,,"GL Weekly",73,"12/30/99 07:00:00",0,
3.78000000e+02,"   Loan Cleared ",1,,"GL Weekly",73,"12/30/99 07:00:00",0,
3.79000000e+02,"1 Chichintala - k.keerthi Group",1,,"GL Weekly",71,"12/30/99 07:00:00",13,
3.80000000e+02,"Chichintala - Sirisha Group",1,,"GL Weekly",65,"12/30/99 07:00:00",8,
3.81000000e+02,"1 Moturu Rajamani group",1,,"GL Weekly",74,"12/30/99 09:30:00",10,
3.82000000e+02,"4 MOTURU NAGALAKSHMI ",1,,"GL Weekly",74,"12/30/99 07:00:00",0,
3.83000000e+02,"Moturu Malleswari Group",1,,"GL Weekly",65,"12/30/99 10:00:00",3,
3.84000000e+02,"Moturu Navomi Group",1,,"GL Weekly",74,"12/30/99 09:30:00",10,
3.85000000e+02,"KOMORAVOLU DIPIKA",1,,"GL Weekly",75,"12/30/99 07:00:00",0,
3.86000000e+02,"Komaravolu  BALAMMA 1st Group",1,,"GL Weekly",75,"12/30/99 07:00:00",8,
3.87000000e+02,"Komaravolu SAMPATH KUMARI 2nd GROUP",1,,"GL Weekly",5,"12/30/99 07:30:00",12,
3.88000000e+02,"KOMORAVOLLU ARUNAKUMARI",1,,"GL Weekly",75,"12/30/99 07:00:00",0,
3.89000000e+02,"PG MAHALAKSHMI ",1,,"GL Weekly",57,"12/30/99 09:00:00",10,
3.90000000e+02,"75   Loan Cleared ",1,,"GL Weekly",75,"12/30/99 07:00:00",0,
3.91000000e+02,"KVPuram(Malapalli) -  Santha kumari Group",1,,"GL Weekly",76,"12/30/99 07:00:00",6,
3.92000000e+02,"KVPuram(BC Colony)-SK Kareemunnisa group",1,,"GL Weekly",65,"12/30/99 07:40:00",5,
3.93000000e+02,"Nayukula Durga -SK Kareemunnisa 3rd group",1,,"GL Weekly",65,"12/30/99 07:40:00",1,
3.94000000e+02,"RADHA RANI GROUP  RAPARLA",1,,"GL Weekly",78,"12/30/99 07:00:00",16,
3.95000000e+02,"1 Nallagunta - Nagarani Group",1,,"GL Weekly",80,"12/30/99 07:00:00",3,
3.96000000e+02,"3 Kurmapuram-Lankapalli Sulochana Group",1,,"GL Weekly",65,"12/30/99 08:00:00",13,
3.97000000e+02,"Raparla-Boddu Radharani Group",1,,"GL Weekly",78,"12/30/99 07:00:00",4,
3.98000000e+02,"2 Rapral- Boddu Radharani Group",1,,"GL Weekly",80,"12/30/99 07:30:00",5,
3.99000000e+02,"14 Milurayiee Kalyani Group",1,,"GL Weekly",77,"12/30/99 07:40:00",5,
4.00000000e+02,"RAMANAPUDI",1,,"GL Weekly",65,"12/30/99 07:15:00",8,
4.01000000e+02,"GUDLAVALLERU KOTESWARAMMA GROUP",1,,"GL Weekly",65,"12/30/99 09:00:00",7,
4.02000000e+02,"MOTURU NAGALAKSHMI",1,,"GL Weekly",74,"12/30/99 09:30:00",9,
4.03000000e+02,"Chevendra",1,,"GL Weekly",5,"12/30/99 07:00:00",0,
4.04000000e+02,"Veerabattinavaripuram ",,,"GL Weekly",70,"12/30/99 07:20:00",11,
4.05000000e+02,"kasipudi43",,,"GL Weekly",31,"12/30/99 08:00:00",1,
4.08000000e+02," nandivada",,,"GL Weekly",13,"12/30/99 07:00:00",8,
4.09000000e+02,"kurada",,,"GL Weekly",71,"12/30/99 07:00:00",8,
4.10000000e+02,"loan cleard group",,,"GL Weekly",9,"12/30/99 07:00:00",2,
4.11000000e+02,"MANTADA G.Dhana Lakshmi Group",,,"GL Weekly",65,"12/30/99 09:30:00",8,
4.12000000e+02,"Nandivada-Malapalli (Sivakumari)",,,"GL Weekly",65,"12/30/99 07:00:00",8,
4.13000000e+02,"NANDIVADA ST COLONY",,,"GL Weekly",31,"12/30/99 08:30:00",3,
4.15000000e+02,"nandivada",,,"GL Weekly",31,"12/30/99 07:00:00",10,
4.16000000e+02,"BAPUJIPETA ",,,"GL Weekly",77,"12/30/99 07:00:00",6,
4.17000000e+02," thummalapalli lone cleard group",,,"GL Weekly",13,"12/30/99 07:00:00",0,
4.18000000e+02,"KORNIPADU",,,"GL Weekly",31,"12/30/99 07:00:00",12,
4.19000000e+02," MUTHYALA VIJAYA LAKSHMI",,,"GL Weekly",65,"12/30/99 07:00:00",3,
4.20000000e+02,"LAKSHMI NAGAR [GUDIVADA]",,,"GL Weekly",80,"12/30/99 07:00:00",9,
4.21000000e+02," CHIRICHINTALA",,,"GL Weekly",73,"12/30/99 07:00:00",0,
4.22000000e+02,"dondapadu",,,"GL Weekly",24,"12/30/99 07:00:00",0,
4.23000000e+02," dondapadu",,,"GL Weekly",24,"12/30/99 07:00:00",0,
4.24000000e+02,"DONDAPADU",,,"GL Weekly",24,"12/30/99 07:00:00",8,
4.25000000e+02,"CHILAKAMUDI",,,"GL Weekly",24,"12/30/99 07:00:00",9,
4.26000000e+02,"MOTURU LOAN CLEARD GROUP",,,"GL Weekly",65,"12/30/99 07:00:00",1,
4.27000000e+02,"Chirinthala new",,,"GL Weekly",73,"12/30/99 07:00:00",3,
4.28000000e+02," MOTURU LOAN CLEARD GROUP",,,"GL Weekly",16,"12/30/99 07:00:00",0,
4.39000000e+02,"Cleared Tamirisa",1,,"GL Weekly",65,"12/30/99 07:00:00",4,
4.29000000e+02,"KVPuram Mariyamma group",1,,"GL Weekly",76,"12/30/99 07:00:00",5,
4.30000000e+02,"Badugu Mery",,,"GL Weekly",23,"12/30/99 07:00:00",12,
4.31000000e+02,"DEVI GROUP",,,"GL Weekly",74,"12/30/99 07:00:00",1,
4.32000000e+02," GANGA BHAVANI GROUP",,,"GL Weekly",28,"12/30/99 07:00:00",6,
4.33000000e+02,"Natt Jaya",,,"GL Weekly",49,"12/30/99 07:00:00",10,
4.34000000e+02," SUNEETHAGROUP",,,"GL Weekly",5,"12/30/99 07:00:00",2,
4.35000000e+02,"Karimunnisa[Group]",,,"GL Weekly",76,"12/30/99 08:00:00",14,
4.36000000e+02," SANTHI PRIYA GROUP",,,"GL Weekly",53,"12/30/99 07:00:00",6,
4.37000000e+02,"NALLAGUNTA",,,"GL Weekly",80,"12/30/99 07:00:00",0,
4.38000000e+02,"NALLAGUNTA",,,"GL Weekly",80,"12/30/99 07:00:00",8,
3.13000000e+02,"6 Peda malapalli - Lurdhu group",1,,"GL Weekly",40,"12/30/99 07:00:00",8,
4.40000000e+02,"PEDAGONNURU [Vara Lakshmi]",,,"GL Weekly",49,"12/30/99 07:00:00",7,
4.41000000e+02,"KRUPAMANI  Group",,,"GL Weekly",19,"12/30/99 07:00:00",1,
4.42000000e+02," PEDAGONNURU",,,"GL Weekly",20,"12/30/99 07:00:00",0,
4.43000000e+02,"Surayavanipalem-Swarna",,,"GL Weekly",89,"12/30/99 07:00:00",10,
4.44000000e+02,"Baby Harika",,,"GL Weekly",19,"12/30/99 07:00:00",4,
4.45000000e+02,"DUMMY ",,,"GL Weekly",5,"12/30/99 07:00:00",0,
4.46000000e+02,"Vadlamannadu-Monthly ",,,"GL Monthly",86,"12/30/99 07:00:00",12,
4.47000000e+02,"Surayavanipalem-Prasanthi",,,"GL Weekly",89,"12/30/99 07:00:00",2,
4.48000000e+02,"kv puram[Vekateswaramma]",,,"GL Weekly",77,"12/30/99 07:00:00",0,
4.49000000e+02," kodiparru",,,"Weekly",62,"12/30/99 07:00:00",1,
4.50000000e+02," Gayatri Group",,,,19,"12/30/99 07:00:00",7,
4.51000000e+02,"TATTIVARRU",,,"Monthly",87,"12/30/99 07:00:00",10,
4.52000000e+02," kondiparru [lakshmi group]",,,"Weekly",62,"12/30/99 07:00:00",5,
4.53000000e+02," KURMAPURAM",,,"Weekly",78,"12/30/99 07:00:00",8,
0.00000000e+00,"dymm",,,"GL Weekly",89,,1,
4.54000000e+02," GANTA CHINNARI GROUP",,,"Weekly",78,"12/30/99 07:00:00",8,
4.55000000e+02," Bashyam Rajyalakshmi",,,"Weekly",19,"12/30/99 07:00:00",3,
4.56000000e+02,"MOTURU [RADHIKA GROUP]",,,"Weekly",16,"12/30/99 07:00:00",10,
4.57000000e+02," loan cleared group",,,"Weekly",53,"12/30/99 07:00:00",1,
4.58000000e+02,"Kadiyam Prasanthi",,,"Weekly",88,"12/30/99 07:00:00",8,
4.59000000e+02,"THAKKELLAPADU",,,"Weekly",88,"12/30/99 07:00:00",6,
4.60000000e+02," Arrear member",,,"Weekly",5,"12/30/99 07:00:00",1,
4.61000000e+02,"GUDLAVALLERU",,,"Weekly",28,"12/30/99 07:00:00",8,
4.62000000e+02," thummalapalli",,,"Weekly",89,"12/30/99 07:00:00",9,
0.00000000e+00,"dymm",0,,"7:00 AM",89,"12/30/99 07:00:00",1,
4.63000000e+02,"CIRICHINTALA",,,"Weekly",20,"12/30/99 07:00:00",0,
4.64000000e+02,"CIRICHINTALA",,,"GL Weekly",91,,11,
4.65000000e+02,"sulochana group",,,"Weekly",23,"12/30/99 07:00:00",7,
4.66000000e+02,"LOAN CLEARD GROUP",,,"Weekly",5,"12/30/99 07:00:00",1,
4.67000000e+02," LAKSHMI GROUP",,,"Weekly",74,"12/30/99 07:00:00",5,
4.68000000e+02,"Santhosham",0,,"7:00 AM",50,"12/30/99 07:00:00",4,
4.69000000e+02," Loan cleard group",,,"Weekly",77,"12/30/99 07:00:00",0,
