CatCode,Description,RateofInt,Duration,Status,amtclassify
1,"GENERAL LOANS",1.00000000e+01,50,"A","N"
2,"SEASONAL LOANS",1.50000000e+01,50,"D","N"
3,"HOUSING LOANS",7.50000000e+00,100,"D","N"
4,"SUPPLEMENTARY LOANS",1.00000000e+01,25,"D","N"
5,"SPECIAL LOANS",1.00000000e+01,50,"A","N"
6,"CONSUMPTIONAL LOANS",5.00000000e+00,15,"D","N"
7,"SANITARY LOANS",1.50000000e+01,50,"D","N"
8,"MICRO ENTERPRISE LOANS",1.50000000e+01,50,"D","N"
9,"EDUCATIONAL LOANS",1.00000000e+01,50,"D","N"
10,"PROJECT DEVELOPMENT LOANS",1.50000000e+01,50,"D","Y"
11,"SPL PROJECT DEVELOPMENT LOANS",2.00000000e+00,4,"D","Y"
12,"INDIVIDUAL LENDING",4.00000000e+00,0,,
