PurpCode,SectoreCode,PurpName,NewPurposeName
"0001","001","SEEDS PURCHASING              ","SEEDS BUSINESS"
"0002","001","LEASING GUAVA FIELD           ","LAND LEASE"
"0003","001","BULLOCK CART                  ","CARTS(BULLOCK CART,PUSH CART etc)"
"0004","001","PUMP SET                      ","DRILLING (BOREWELLS,MACHINE etc)"
"0005","001","FERTILIZERS PURCHASE          ","FERTILIZERS (ORGANIC,CHEMICALS etc)"
"0006","001","BETEL LEAVES                  ","PETTY SHOP (PAN,MIXTURES etc)"
"0007","001","PESTICIDES & FERTILIZERS      ","PESTICIDES & FERTILIZERS"
"0008","001","VEGETABLE GARDEN              ","VEGETABLES (VENDOR,CART)"
"0009","001","AGRICULTURE                   ","AGRICULTURE"
"0010","001","VEGETABLE CART                ","VEGETABLES (VENDOR,CART)"
"0011","002","BUFFALO                       ","BUFFALO"
"0012","002","HORSE PURCHASING              ","HORSE"
"0013","002","BUTCHERY                      ","MEAT SHOP"
"0014","002","COW                           ","CATTLE BREEDING (BUFFALO,CATTLE Etc)"
"0015","002","GOAT REARING                  ","CATTLE BREEDING (BUFFALO,CATTLE Etc)"
"0016","002","LEATHER BUSINESS              ","LEATHER GOODS (SKIN BUSINESS)"
"0017","002","OXEN                          ","OX"
"0018","002","PIGGERY                       ","PIGGERY"
"0019","002","RAM LAMBS                     ","CATTLE BREEDING (BUFFALO,CATTLE Etc)"
"0020","002","FODDER PURCHASE               ","FODDER (CATTLE FOOD)"
"0021","002","MILCH BUFFALO                 ","CATTLE BREEDING (BUFFALO,CATTLE Etc)"
"0022","002","BUFFALO RETRADING             ","CATTLE BREEDING (BUFFALO,CATTLE Etc)"
"0023","002","GREEN HIDE RETRADING          ","FODDER (CATTLE FOOD)"
"0024","002","SHEEP REARING                 ","CATTLE BREEDING (BUFFALO,CATTLE Etc)"
"0025","002","BULLOCK                       ","CARTS(BULLOCK CART,PUSH CART etc)"
"0026","002","CATTLE RETRADING              ","CATTLE BREEDING (BUFFALO,CATTLE Etc)"
"0027","003","VEGETABLE VENDING             ","VEGETABLES (VENDOR,CART)"
"0028","003","FLOWER SELLING                ","FLORIST (FLOWERS)"
"0029","003","PAN LEAVES BUSINESS           ","EDIBLE LEAVES VEGETABLES"
"0030","003","ONIONS SEEDS PURCHASE         ","ONIONS BUSINESS"
"0031","003","CHILLI BUSINESS               ","CHILLI BUSINESS"
"0032","003","FRUITS BUSINESS               ","FRUITS BUSINESS"
"0033","003","COTTON AND CHILLY RETRADI     ","COTTON BUSINESS"
"0034","003","CHILLY RETRADING              ","CHILLI BUSINESS"
"0035","003","FRUIT VENDING                 ","FRUITS BUSINESS"
"0036","003","FRUIT AND CHILLY RETRADIN     ","FRUITS BUSINESS"
"0037","003","TOBACCO RETRADING             ","TOBACCO RETRADING"
"0038","003","RICE BUSINESS                 ","CEREALS (FOOD GRAINS,JUTE,BARLEY,PADDY etc)"
"0039","003","PULSES RETRADING              ","CEREALS (FOOD GRAINS,JUTE,BARLEY,PADDY etc)"
"0040","003","WOOD RETRADING                ","FURNITURE(CARPENTRY,CHAIRS,TABLEFANS Etc)"
"0041","004","BASKET MAKING                 ","WEAVING (BASKET,CLOTHES,BAGS etc)"
"0042","004","CHAPPAL MAKING                ","FOOTWARE (REPAIR,SELLING)"
"0043","004","CLOTH BUSINESS                ","CLINIC"
"0044","004","DRY FISH/MEAT SELLING         ","SEA FOODS"
"0045","004","POULTRY EXPANSION             ","CHICKEN SHOP"
"0046","004","COTTON & GUNNY BAGS RETRA     ","COTTON BUSINESS"
"0047","004","HOTEL                         ","HOTEL"
"0048","004","HAIR DRESSING                 ","SALOON"
"0049","004","TEA SHOP EXPANSION            ","TEA(SHOP,POWDER etc)"
"0050","004","KEROSENE SELLING              ","KEROSENE"
"0051","004","MILK COLLECTION               ","MILK BUSINESS"
"0052","004","OIL RETRADING                 ","OIL BUSINESS"
"0053","004","PAN SHOP                      ","PETTY SHOP (PAN,MIXTURES etc)"
"0054","004","PETTY SHOP (NEW)              ","PETTY SHOP (PAN,MIXTURES etc)"
"0055","004","PETTY SHOP (EXPANSION)        ","PETTY SHOP (PAN,MIXTURES etc)"
"0056","004","RICKSHAW                      ","CARRIAGE (TANGA,RICKSHAW,TAXI,AUTO)"
"0057","004","RICE RETRADING                ","CEREALS (FOOD GRAINS,JUTE,BARLEY,PADDY etc)"
"0058","004","SEWING MACHINE                ","SEWING  WORK (SCISSORS,MACHINES,EMBROIDERY,LEAVES STITCHING etc)"
"0059","004","STREET HAWKING                ","STREET HAWKING"
"0060","004","SWEETS SELLING                ","SWEETS"
"0061","004","SODA SELLING                  ","BEVERAGES"
"0062","004","MOBILE LAUNDRY                ","LAUNDRY (IRONING,WASHING,DRY CLEAN etc)"
"0063","004","HORSE CART (JETKA)            ","HORSE CART (JETKA)"
"0064","004","FLOORING STONES SETTING       ","FLOORING STONES"
"0065","004","UTENSILS                      ","UTENSILS"
"0066","004","CUT PIECES BUSINESS           ","CLOTHES BUSINESS(GARMENTS)"
"0067","004","WHOLE SALE BUSINESS           ","WHOLE SALE BUSINESS"
"0068","004","WET GRINDER                   ","MILL (GRINDER)"
"0069","004","MEDICINE                      ","MEDICAL(SHOP,DRUGS Etc)"
"0070","004","GUILD ORNAMENTS BUSINESS      ","ORNAMENTS(GOLD,SILVER,ROLDGOLD,PEARLS)"
"0071","004","LIME SELLING                  ","LEMON BUSINESS"
"0072","004","BANGLE SELLING                ","FANCY STORE"
"0073","004","TAILORING                     ","SEWING  WORK (SCISSORS,MACHINES,EMBROIDERY,LEAVES STITCHING etc)"
"0074","004","SPICES BUSINESS               ","SPICE BUSINESS"
"0075","004","KUM-KUM BUSINESS              ","CRIMSON POWDER (kumkuma)"
"0076","004","LUBRICATING OIL               ","OIL BUSINESS"
"0077","004","HANDLOOM                      ","HAND LOOM"
"0078","004","FLOUR MILL                    ","MILL (GRINDER)"
"0079","004","BLACK STONE BUSINESS          ","BLACK STONE BUSINESS"
"0080","004","BEED WORK BUSINESS            ","BEADS WORK BUSINESS"
"0081","004","LEAVE STITCHING               ","SEWING  WORK (SCISSORS,MACHINES,EMBROIDERY,LEAVES STITCHING etc)"
"0082","004","SEASONAL BUSINESS             ","SEASONAL BUSINESS"
"0083","004","BLACK SMITH TOOLS PURCHAS     ","BLACK SMITH"
"0084","004","POT BUSINESS                  ","POTS"
"0085","004","IRON BOX & DRUM PURCHASE      ","IRON BOX"
"0086","004","GROCERY                       ","GROCERY"
"0087","004","ENGINE PURCHASE               ","AUTOMOBILES (CAR,AUTO,JEEP) REPAIRING,PURCHASING"
"0088","004","BLASTING MATERIAL PURCHAS     ","BLASTING MATERIALS"
"0089","004","WATER PIPES                   ","PLUMBING"
"0090","005","HOUSE REPAIRS                 ","HOUSING PROJECTS"
"0091","004","P.V.C PIPES PURCHASE          ","PLUMBING"
"0092","004","GRINDER                       ","MILL (GRINDER)"
"0093","004","LEASING JASMINE FIELD         ","LAND LEASE"
"0094","004","GUNNY BAGS                    ","GUNNY BAGS"
"0095","004","MUGGU BUSINESS                ","MUGGU BUSINESS"
"0096","001","LEASING GROUND NUT FIELD      ","LAND LEASE"
"0097","002","GOATS PURCHASING              ","CATTLE BREEDING (BUFFALO,CATTLE Etc)"
"0098","003","FISHES RETRADING              ","SEA FOODS"
"0099","004","COTTON BUSINESS               ","COTTON BUSINESS"
"0100","004","COTTON RETRADING              ","COTTON BUSINESS"
"0101","004","SWEETS SHOP                   ","SWEETS"
"0102","004","WELL DIGGING                  ","DRILLING (BOREWELLS,MACHINE etc)"
"0103","004","ELECTRICAL GOODS              ","ELECTRICAL WORKS"
"0104","004","ONIONS BUSINESS               ","ONIONS BUSINESS"
"0105","004","LAND EXPENDITURE              ","AGRICULTURE"
"0106","004","EMBROIDERY & OVERLOCK MAC     ","SEWING  WORK (SCISSORS,MACHINES,EMBROIDERY,LEAVES STITCHING etc)"
"0107","004","POPCORN BUSINESS              ","POPCORN BUSINESS"
"0108","004","OLD IRON RETRADING            ","IRON"
"0109","004","TABLES AND CHAIRS             ","FURNITURE(CARPENTRY,CHAIRS,TABLEFANS Etc)"
"0110","002","DONKEY PURCHASE               ","DONKEY PURCHASE"
"0111","004","STONE BUSINESS                ","STONE BUSINESS"
"0112","001","COCONUT BUSINESS              ","COCONUT BUSINESS"
"0113","002","BUFFALO & KIRANA              ","BUFFALO"
"0114","002","OXEN & COW                    ","OX"
"0115","002","OXEN PURCHASE                 ","OX"
"0116","004","EXP. OF BURUGULU BUSINESS     ","SNACKS AND CHAT (CHIPS,CHAT,BAJJI etc)"
"0117","003","PTG PURCHASE                  ","PTG PURCHASE"
"0118","002","HENS BUSINESS                 ","POULTRY"
"0119","004","CYCLE SPARE PARTS             ","CYCLE SHOP"
"0120","004","MOTOR REPAIR                  ","AUTOMOBILES (CAR,AUTO,JEEP) REPAIRING,PURCHASING"
"0121","004","NETS AND BOAT PURCHASE        ","BOATS AND NETS"
"0122","004","COAL BUSINESS                 ","COAL"
"0123","004","MILL MOTOR                    ","MILL (GRINDER)"
"0124","001","POWER SPRAY                   ","POWER LOOMS"
"0125","002","HE-BUFFALO                    ","CATTLE BREEDING (BUFFALO,CATTLE Etc)"
"0126","004","WATER TANK (RIKSHAW)          ","WATER (SERVICING,TANKER,PIPES)"
"0127","004","CHIPURU                       ","BROOMS BUSINESS"
"0128","001","EATBLES                       ","SNACKS AND CHAT (CHIPS,CHAT,BAJJI etc)"
"0129","004","NAVARU                        ","NAVARU BUSINESS"
"0130","004","VELDING MACHINE               ","WELDING WORK"
"0131","004","CARPENTARY                    ","FURNITURE(CARPENTRY,CHAIRS,TABLEFANS Etc)"
"0132","004","ICE BUSSINESS                 ","ICE(CREAM) BUSINESS"
"0133","004","LONDRY SHOP                   ","LAUNDRY (IRONING,WASHING,DRY CLEAN etc)"
"0134","004","STTEL BUSSINESS               ","STEEL BUSINESS"
"0135","004","FANCY SHOP                    ","FANCY STORE"
"0136","004","WEEVER & COTTON               ","WEAVING (BASKET,CLOTHES,BAGS etc)"
"0137","001","GROSS PURCHASING              ","FODDER (CATTLE FOOD)"
"0138","004","RECORDING SHOP                ","AUDIO AND VIDEO SHOP"
"0139","002","EGG BUSSINESS                 ","EGG BUSINESS"
"0140","004","VESSEL BUSINESS               ","UTENSILS"
"0141","001","COCONUT OIL BUSINESS          ","OIL BUSINESS"
"0142","004","MASALA BUSINESS               ","MASALA BUSINESS"
"0143","004","TIMBER BUSINESS               ","RAW MATERIAL WORKS (TIMBER,IRON etc)"
"0144","001","BUSINESS (EXP)                ","BUSINESS (EXP)"
"0145","004","PIGS REARING                  ","PIGGERY"
"0146","004","COOL DRINK BUSINESS           ","BEVERAGES"
"0147","001","TERMERIC                      ","TURMERIC"
"0148","004","PAINT SPRAY MACHINE           ","PAINTING"
"0149","004","BRICK BUSINESS                ","CONSTRUCTION (CENTERING,BRICKS,SAND,CEMENT,REPAIR)"
"0150","004","BAKERY WORK                   ","BAKERY"
"0151","004","S.T.D.LEASE                   ","TELEPHONE BUSINESS"
"0152","004","ASBASTAS                      ","ASBESTOS"
"0153","001","SPINCH BUSINESS               ","EDIBLE LEAVES VEGETABLES"
"0154","001","BLACK GRAMES                  ","BLACK GRAMS"
"0155","003","JUTE BUSINES                  ","CEREALS (FOOD GRAINS,JUTE,BARLEY,PADDY etc)"
"0156","004","PAINTS BUSINESS               ","PAINTING"
"0157","004","WATCH BUSINESS                ","WATCH BUSINESS"
"0158","001","MIRCH MILL EXTENSION          ","CHILLI BUSINESS"
"0159","004","CASSETES BUSINESS             ","AUDIO AND VIDEO SHOP"
"0160","004","BONES BUSINESS                ","BONES BUSINESS"
"0161","004","BARBER SHOP DOVELOPMENT       ","SALOON"
"0162","004","SAREES BUSINESS               ","CLOTHES BUSINESS(GARMENTS)"
"0163","004","AUTO REPAIR                   ","AUTOMOBILES (CAR,AUTO,JEEP) REPAIRING,PURCHASING"
"0164","004","BUNS BUSINESS                 ","BREAD BUSINESS"
"0165","004","BOOK SHOP                     ","STATIONARY SHOP(BOOK,PENS,PENCILS etc)"
"0166","004","OWERLUCK MECHINE              ","SEWING  WORK"
"0167","004","MATS BUSINESS                 ","MATS BUSINESS"
"0168","004","WIRE BUSINESS                 ","ELECTRICAL WORKS"
"0169","004","QUARRY BUSINESS               ","QUARRY BUSINESS"
"0170","004","CEMENT ASBESTUS PURCHASE      ","CONSTRUCTION (CENTERING,BRICKS,SAND,CEMENT,REPAIR)"
"0171","004","CEMERA PURCHASE               ","PHOTOGRAPHY (CAMERA,PHOTO SHOP)"
"0172","001","BANANA BUSINESS               ","BANANA BUSINESS"
"0173","004","ICE-CREAM BUSINESS            ","ICE(CREAM) BUSINESS"
"0174","004","ALUMINIUM BUSINESS            ","METALS (COPPER,BRONZE,ALUMINIUM etc)"
"0175","004","MEAT BUSINESS                 ","MEAT SHOP"
"0176","004","BUNK PURCHASE                 ","PETTY SHOP (PAN,MIXTURES etc)"
"0177","004","EDUCATION FEE                 ","EDUCATION FEE"
"0178","004","V.C.P.SET                     ","AUDIO AND VIDEO SHOP"
"0179","004","PHOTO FRAME WORK              ","PHOTOGRAPHY (CAMERA,PHOTO SHOP)"
"0180","004","CANDILS BUSINESS              ","CANDLE BUSINESS"
"0181","004","CHIPS BUSINESS                ","SNACKS AND CHAT (CHIPS,CHAT,BAJJI etc)"
"0182","004","PETROL BUSINESS               ","PETROL"
"0183","002","MUTTON SHOP                   ","MEAT SHOP"
"0184","004","PLASTIC BUSINESS              ","PLASTIC BUSINESS"
"0185","004","PACKING BUSINESS              ","PACKING BUSINESS"
"0186","004","TOYS BUSINESS                 ","NOVELTIES (GAMES,GIFTS,TOY ARTICLES)"
"0187","004","CHICKEN SHOP                  ","CHICKEN SHOP"
"0190","004","CENTRING WORK                 ","CONSTRUCTION (CENTERING,BRICKS,SAND,CEMENT,REPAIR)"
"0191","004","MECHANICAL SHED","MECHANICAL WORK"
"0192","004","FIBRE CHAIRS","FURNITURE(CARPENTRY,CHAIRS,TABLEFANS Etc)"
"0193","004","CYCLE SHOP","CYCLE SHOP"
"0194","004","SODA MACHINE","BEVERAGES"
"0195","004","ROLD GOLD BUSINESS","ORNAMENTS(GOLD,SILVER,ROLDGOLD,PEARLS)"
"0196","004","SAMOSA BUSINESS","SNACKS AND CHAT (CHIPS,CHAT,BAJJI etc)"
"0197","004","DOLL BUSINESS","NOVELTIES (GAMES,GIFTS,TOY ARTICLES)"
"0198","004","AGARBATHI BUSINESS","AGARABATTI BUSINESS"
"0199","004","ZIG ZAG MACHINE","SEWING  WORK (SCISSORS,MACHINES,EMBROIDERY,LEAVES STITCHING etc)"
"0200","004","GRASS BUSINESS","FODDER (CATTLE FOOD)"
"0201","004","BAGS","BAGS"
"0202","004","WELDING ","WELDING WORK"
"0203","004","TYRES SHOP","TYRE,RUBBER WORKS"
"0204","004","PUSH CART","CARTS(BULLOCK CART,PUSH CART etc)"
"0205","004","TEA POWDER","TEA(SHOP,POWDER etc)"
"0206","004","WIRE CHAIRS","CHAIRS BUSINESS"
"0207","004","TRUNK BOX MAKING","CARTONS (BOX,BIN,CONTAINERS etc)"
"0208","004","POLISH GRINDING MACHINE","POLISH"
"0209","004","SLATE BUSINESS","STATIONARY SHOP(BOOK,PENS,PENCILS etc)"
"0210","004","PICKLES BUSINESS","PICKLES"
"0211","004","FAST FOOD CENTRE","FAST FOOD"
"0212","004","ELECTRONIC SHOP","ELECTRONICS"
"0213","004","PAPAD BUSINESS","PAPAD BUSINESS"
"0214","004","HOME NEEDS","HOME NEEDS"
"0215","004","MILLER","MILL (GRINDER)"
"0216","004","HOUSE METERIAL","HOUSING PROJECTS"
"0217","004","TARBLE","TARBLE"
"0218","002","GHEE BUSINESS","OIL BUSINESS"
"0219","004","GOLD WORK","ORNAMENTS(GOLD,SILVER,ROLDGOLD,PEARLS)"
"0220","004","SCREEN PRINTING","PRINTING (XEROX,PRESS,SCREEN PRINT etc)"
"0221","004","ITEMS PURCHASE","NOVELTIES (GAMES,GIFTS,TOY ARTICLES)"
"0222","006","HOUSE MAINTNANCE","HOUSE"
"0223","006","MARRAGE","HOUSE"
"0224","006","AUTO INISTALLMENT","HOUSE"
