loginID,smt,loginDate,DName,TypCod,ContactNo,Address,pin,PrpTp,DocType,agTyp,Leadby,Distance,loginFee,DValue,Yards,RqstLn,Appdate,Appby,IncomeSource,Openion,TechFee,TechfeeDate,Survayby,SurvayDate,AprdLn,disStatus
1,"0001","05/15/21 00:00:00","VINUKONDA STEEVEN BABU","ML","9885610705","Dhaniyala peta,Gudivada","521321","PDC","PDC","PDC","Office ","2",0,0,0,250000,"05/15/21 00:00:00","S009","EMPLOYEE IN EENADU","Satisfy",0,"05/15/21 00:00:00",,,250000,1
2,"0002","05/05/21 00:00:00","REMALLI SRIKANTH","ML","6301660306","BETHAVOLU,Gudivada","521301","FLAT","Link","Link","Office ","3",0,1500000,100,450000,"05/05/21 00:00:00","S009","JOB","Satisfy",0,"05/05/21 00:00:00",,,450000,1
3,"0003","12/10/20 00:00:00","KOLUSU SUNIL","ML","9490768482","Matchilipatnam","123456","AGRI LAND","Link","Link","Mediator","45",0,2800000,100,1300000,"12/10/20 00:00:00","S009","JOB","Satisfy",0,"12/10/20 00:00:00",,,1300000,1
4,"0004","07/01/21 00:00:00","BATHULA SEKHAR","ML","6300713706","Jonnapadu","521321","PDC","PDC","PDC","Office ","5",0,0,0,70000,"07/01/21 00:00:00","S009","AGRICALTURE","Satisfy",0,"07/01/21 00:00:00",,,70000,1
5,"0005","09/25/21 00:00:00","ANDUGULA SAMPATHKUMAR","ML","9666335767","Dakaram,Mudinepalli","521325","Mortgage","Single","Single","Office ","13",0,400000,100,100000,"09/25/21 00:00:00","S009","TEACHER","Satisfy",0,"09/25/21 00:00:00",,,100000,1
6,"0006","11/20/21 00:00:00","JONNALAGADDA RAMAKRISHNA","ML","9963952600","Mandapadu,Gudivada","521301","Mortgage","Link","Link","Office ","2",0,600000,140,400000,"11/20/21 00:00:00","S009","RTC DRIVER","Satisfy",0,"11/20/21 00:00:00",,,400000,1
7,"0007","02/02/22 00:00:00","MOGADATI RAMBABU","ML","9866601659","ventrapragada maanikonda","521263","PDC","PDC","PDC","From Field","6",0,0,0,50000,"02/02/22 00:00:00","S009","FARMER","Satisfy",0,"02/02/22 00:00:00",,,50000,1
8,"0008","03/06/22 00:00:00","MEDEPALLI NARESH","ML","9553564614","kadimikunta","521000","Mortgage","Link","Link","Office ","25",0,500000,150,350000,"03/16/22 00:00:00","S009","CULTIVATION","Satisfy",0,"03/16/22 00:00:00",,,350000,1
9,"0009","02/24/22 00:00:00","PITTU RAMA KRISHNA","ML","8247390071","GURVINDHAGUNTA","521263","PDC","PDC","PDC","Office ","10",0,0,0,15000,"03/24/22 00:00:00","S009","JOB","Satisfy",0,"03/24/22 00:00:00",,,15000,1
10,"0010","05/13/22 00:00:00","JONNALAGADDA SRI LAKSHMI","ML","9866722296","GUDIVADA","521301","Sale","Link","Link","Office ","10",0,500000,150,300000,"05/13/22 00:00:00","S009","LAWYER GUMASTA","Satisfy",0,"05/13/22 00:00:00",,,300000,1
11,"0011","01/01/22 00:00:00","VANGURU SURYA CHANDRA RAO","ML","986621254","EDULAMADHALI","521148","PDC","PDC","PDC","Office ","10",0,0,0,10000,"06/01/22 00:00:00","S009","FARMER","Satisfy",0,"06/01/22 00:00:00",,,15000,1
12,"0012","06/14/22 00:00:00","REMALLI VENKATA RAO","ML","8519858665","GUDLAVALLERU","521201","Sale","Link","Link","From Field","12",0,400000,150,125000,"06/14/22 00:00:00","S009","FARMER","Satisfy",0,"06/14/22 00:00:00",,,125000,1
13,"0013","07/02/22 00:00:00","DAKARAPU NARENDRA","ML","9640214898","KOTHAPALLI","521328","Sale","Link","Link","From Field","25",0,600000,200,300000,"07/02/22 00:00:00","S009","PRIVATE EMPLOYEE","Satisfy",0,"07/02/22 00:00:00",,,300000,1
14,"0014","07/16/22 00:00:00","PANDULU PAMULU ","ML","9908662105","SANKARAMPADU","521327","Mortgage","Single","Single","Office ","20",0,700000,200,350000,"07/05/22 00:00:00","S009","PRIVATE EMP","Satisfy",0,"07/05/22 00:00:00",,,350000,1
15,"0015","07/06/22 00:00:00","NEELAPALA SRINIVASA RAO","ML","9704102199","SEEPUDI, GUDIVADA","521148","Sale","Link","Link","Office ","10",0,800000,200,400000,"07/06/22 00:00:00","S009","FARMER","Satisfy",0,"07/06/22 00:00:00",,,400000,1
16,"0016","07/08/22 00:00:00","BANDI DEEVENAMMA","ML","7095692526","SEETHARAMPURAM, HANUMAN JUNCTION","521201","Mortgage","Single","Single","Mediator","30",0,400000,150,200000,"12/08/22 00:00:00","S009","WELDER","Satisfy",0,"12/08/22 00:00:00",,,200000,1
17,"0017","07/23/22 00:00:00","MOVVALA NAGARAJU","ML","9908256897","KOMOROVOLU","521331","Mortgage","Single","Single","From Field","10",2500,600000,200,300000,"07/23/22 00:00:00","S009","DRIVER","Satisfy",0,"07/23/22 00:00:00",,,300000,1
18,"0018","07/23/22 00:00:00","PILLEM RANGA BABU","ML","8096982773","MOTURU","521221","Mortgage","Single","Single","From Field","12",2500,400000,120,200000,"07/23/22 00:00:00","S009","DRIVER","Satisfy",1500,"07/23/22 00:00:00",,,200000,1
19,"0019","07/18/22 00:00:00","GUDAPATI LAKSHMI ANURADHA","ML","9949397701","MACHILIPATNAM","521001","PDC","PDC","PDC","Mediator","40",0,0,0,400000,"07/18/22 00:00:00","S009","GOVT NURSE","Satisfy",0,"07/18/22 00:00:00",,,400000,1
20,"0020","08/08/22 00:00:00","SIDDELA GANGADHARA RAO","ML","6309947977","PAIDAKONDAYAPALEM, VEERANKI LAKULU","521001","Mortgage","Single","Single","Vemuri Anjanailu","35",2500,800000,200,400000,"08/08/22 00:00:00","S009","FARMER","Satisfy",1500,"08/08/22 00:00:00",,,400000,1
21,"0021","08/08/22 00:00:00","KALAKOTI SRINIVASA RAO","ML","9963433479","DAVULURU , VUYYURU","521421","Mortgage","Single","Single","Vemuri Anjanailu","35",2500,800000,150,400000,"08/08/22 00:00:00","S009","PRIVATE EMP","Satisfy",1500,"08/08/22 00:00:00",,,400000,1
22,"0022","08/08/22 00:00:00","KARETI LAKSHMI","ML","9154513703","RAMANAPUDI, GUDIWADA","521301","Mortgage","Single","Single","From Field","08",2500,600000,150,300000,"08/08/22 00:00:00","S009","PRIVATE EMP","Satisfy",1500,"08/08/22 00:00:00",,,300000,1
23,"0023","08/08/22 00:00:00","ELAPARTHI RATHNA KUMARI","ML","9000607005","SRINIVASA PURAM NANDUWADA","521321","Mortgage","Single","Single","Vemuri Anjanailu","12",2500,800000,160,400000,"08/08/22 00:00:00","S009","ASHA WORKER","Satisfy",1500,"08/08/22 00:00:00",,,400000,1
24,"0024","08/25/22 00:00:00","GUDAPATI ROJAPUSHPAM","ML","8639070633","SEEPUDI","521148","Mortgage","Link","Link","Office ","10",2500,600000,120,300000,"08/25/22 00:00:00","S009","PRIVATE EMP","Satisfy",0,"08/25/22 00:00:00",,,300000,1
25,"0025","09/02/22 00:00:00","VANAPAMALA MAHA LAKSHMI","ML","7288996634","KOMOROVOLU","521421","Mortgage","Single","Single","From Field","10",2500,700000,120,350000,"09/02/22 00:00:00","S009","MECHANIC","Satisfy",1500,"09/02/22 00:00:00",,,350000,1
26,"0026","09/09/22 00:00:00","KOSANAM SESHRATNAM","ML","7416264754","MADDURU","521214","Mortgage","Single","Single","Vemuri Anjanailu","35",2500,800000,120,400000,"09/09/22 00:00:00","S009","PRIVATE JOB","Satisfy",1500,"09/09/22 00:00:00",,,400000,1
27,"0027","09/09/22 00:00:00","BANDIKOLLA AADHISESHU","ML","8978116179","BANDIKOLLA LANKA, KOKKILIGADDA","521451","Mortgage","Single","Single","Vemuri Anjanailu","40",2500,800000,150,400000,"09/09/22 00:00:00","S009","FARMER","Satisfy",1500,"09/09/22 00:00:00",,,400000,1
28,"0028","09/14/22 00:00:00","DAKARAU NAGA MANI","ML","8374969468","kothapalli","521321","Mortgage","Single","Single","From Field","25",2500,700000,120,350000,"09/14/22 00:00:00","S009","FARMER","Satisfy",1500,"09/14/22 00:00:00",,,350000,1
29,"0029","09/02/22 00:00:00","BANDIKOLLA KOTESWARA RAO","ML","7702421479","bandokolla lanka , kokkiligadda","521110","Mortgage","Single","Single","Vemuri Anjanailu","40",2500,500000,120,250000,"09/02/22 00:00:00","S009","SECURITY GUARD","Satisfy",1500,"09/02/22 00:00:00",,,250000,1
30,"0030","09/02/22 00:00:00","BANDIKOLLA RAMESHSAILAJA","ML","9010180492","bandikolla lanka","521110","Mortgage","Single","Single","Vemuri Anjanailu","40",2500,500000,120,250000,"09/02/22 00:00:00","S009","FARMER","Satisfy",1500,"09/02/22 00:00:00",,,250000,1
31,"0031","09/02/22 00:00:00","BANDIKOLLA LAKSHMI PRASANNA","ML","9703439747","bandikolla lanka","521110","Mortgage","Single","Single","Vemuri Anjanailu","40",2500,700000,120,350000,"09/02/22 00:00:00","S009","FARMER","Satisfy",1500,"09/02/22 00:00:00",,,350000,1
32,"0032","09/02/22 00:00:00","INTI BHUSHANAM","ML","7993563957","GANNAVARAM","521231","Mortgage","Single","Single","From Field","25",2500,500000,120,250000,"09/02/22 00:00:00","S009","DRIVER","Satisfy",1500,"09/02/22 00:00:00",,,250000,1
33,"0033","10/21/22 00:00:00","KANIKELLA MERY JOSPHIN","ML","9347686226","JONNAPADU","521301","Mortgage","Single","Single","Vemuri Anjanailu","6",2500,500000,120,300000,"10/21/22 00:00:00","S009","BOOK KEEPER","Satisfy",1500,"10/21/22 00:00:00",,,300000,1
34,"0034","11/02/22 00:00:00","INTI SUVARNA","ML","9398751405","seri golvepalli","521323","Mortgage","Single","Single","Office ","15",2500,400000,150,200000,"11/02/22 00:00:00","S009","MARBULE WORK","Satisfy",1500,"11/02/22 00:00:00",,,200000,1
35,"0035","11/01/22 00:00:00","ELAPARTHI DEVA MATHA","ML","9866632645","nandiwdada","521321","Mortgage","Single","Single","Office ","10",2500,900000,150,450000,"11/01/22 00:00:00","S009","DRIVER","Satisfy",1500,"11/01/22 00:00:00",,,450000,1
36,"0036","11/10/22 00:00:00","DARAM SUJATHA","ML","9014503540","komorovolu","521390","Mortgage","Single","Single","Office ","15",2500,600000,150,300000,"11/10/22 00:00:00","S009","FARMER","Satisfy",1500,"11/10/22 00:00:00",,,300000,1
38,"0038","12/16/22 00:00:00","GUNJA PUSHPARAJU","ML","6300007632","Davuluru","521000","Mortgage","Single","Single","Office ","35",1500,750000,150,500000,"12/02/22 00:00:00","S009","JOB","Good",1500,"12/02/22 00:00:00",,,500000,1
39,"0039","06/05/23 00:00:00","CHEELI ANTHONI","ML","7386853954","LELLAPUDI","521326","Mortgage","Single","Single","Office ","20",2500,500000,20,500000,"06/05/23 00:00:00","S009","AGRICULTURE","Satisfy",25000,"06/05/23 00:00:00",,,250000,1
40,"0040","06/23/23 00:00:00","SELAMKAYALA RAMESH","ML","9490795263","MOTURU","521323","Mortgage","Single","Single","Office ","7",2500,600000,7,600000,"06/23/23 00:00:00","S009","AGRICULTURAL","Satisfy",1500,"06/23/23 00:00:00",,,300000,1
41,"0041","05/24/24 00:00:00","MADDALA ANIL","ML","6309277468","TAMIRISA","521327","Mortgage","Single","Single","Office ","12",0,300000,12,600000,"05/24/24 00:00:00","S009","AGRICULTURAL","Satisfy",1500,"05/24/24 00:00:00",,,300000,1
42,"0042","08/01/23 00:00:00","GALANKI BHANU","ML","8125358892","DAKARAM","521345","Mortgage","Single","Single","Office ","20",2500,660000,20,660000,"08/01/23 00:00:00","S009","AGRICULTURAL","Satisfy",1500,"08/01/23 00:00:00",,,330000,1
43,"0043","08/01/23 00:00:00","PARASA NAGA LAKSHMI","ML","9848835657","VISWANADRI PALEAM","521122","Mortgage","Single","Single","Office ","30",2500,400000,30,400000,"08/01/23 00:00:00","S009","AGRICULTURAL","Satisfy",1500,"08/01/23 00:00:00",,,200000,1
44,"0044","08/16/23 00:00:00","VARA LAVYANYA","ML","9618986294","NARASANNA PALEAM",,"Mortgage","Single","Single","Office ","40",2500,800000,40,800000,"08/22/23 00:00:00","S009","AGRICULTURAL","Satisfy",1500,"08/22/23 00:00:00",,,400000,1
45,"0045","08/22/23 00:00:00","BHUPATI MADHAVI","ML","9347271705","NARASANNA PALEAM",,"Mortgage","Single","Single","Office ","40",2500,800000,40,500000,"08/22/23 00:00:00","S009","AGRICULTURAL","Satisfy",1500,"08/22/23 00:00:00",,,400000,1
46,"0046","08/14/23 00:00:00","PULAVARTHI MOHANA RAO","ML","9542852005","SANKARAM PADU",,"Mortgage","Single","Single","Office ","15",2500,600000,15,500000,"08/14/23 00:00:00","S009","AGRICULTURAL","Satisfy",1500,"08/14/23 00:00:00",,,250000,1
47,"0047","08/24/23 00:00:00","REMALLI DEVA KUMARI","ML","7893437572","BETHAVOLLU",,"Mortgage","Single","Single","Office ","5",0,600000,2,500000,"08/24/23 00:00:00","S009","DRIVING","Satisfy",1500,"08/24/23 00:00:00",,,400000,1
48,"0048","07/04/23 00:00:00","KAILE NARASIMHA RAO","ML","8978234135","TAMIRISA",,"Mortgage","Single","Single","Office ","15",0,300000,2,300000,"07/04/23 00:00:00","S009","DRIVING","Satisfy",1500,"07/04/23 00:00:00",,,60000,1
49,"0049","02/28/24 00:00:00","PANDRAJA SAMBA SIVA RAO","ML","9030264777","GUDIVADA",,"Mortgage","Single","Single","Office ","2",0,200000,1,100000,"02/29/24 00:00:00","S009","AGRICULTURAL","Satisfy",0,"02/29/24 00:00:00",,,300000,1
50,"0050","03/26/24 00:00:00","GANDRAPU JHANSI","ML","7893153201","SURAYYAVANI PALEAM",,"Mortgage","Single","Single","Office ","15",0,600000,1,500000,"05/01/24 00:00:00","S009","AGRICULTURE","Satisfy",0,"05/01/24 00:00:00",,,300000,1
51,"0051","05/04/24 00:00:00","GANTA ADILAKSHMI","ML","7780227880","MOTURU",,"Mortgage","Single","Single","Office ","15",0,200000,1,200000,"05/04/24 00:00:00","S009","AGRICULTURE","Satisfy",0,"05/04/24 00:00:00",,,100000,1
52,"0052","03/26/24 00:00:00","SUNKARA SRINIVASA RAO","ML","9542757199","ILAPARRU",,"Mortgage","Single","Single","Office ","25",0,5000000,5,5000000,"03/26/24 00:00:00","S009","AGRICULTURE","Satisfy",0,"03/26/24 00:00:00",,,2500000,1
53,"0053","04/12/24 00:00:00","PULAVARTHI SURESH","ML","8309333985","NAGAVARA PADU",,"Mortgage","Single","Single","Office ","2",2500,400000,1,200000,"04/12/24 00:00:00","S009","AGRICULTURE","Satisfy",0,"04/12/24 00:00:00",,,200000,1
54,"0054","05/03/24 00:00:00","RUNJALA SWARNA KUMARI","ML","9618955259","SURAYYAVANI PALEAM",,"Mortgage","Single","Single","Office ","15",0,600000,2,600000,"05/03/24 00:00:00","S009","AGRICULTURE","Satisfy",0,"05/03/24 00:00:00",,,100000,1
55,"0055","07/18/24 00:00:00","KANCHASTAMBAM DEVI","ML","9494178961","MOTURU",,"Mortgage","Single","Single","Office ","7",0,300000,1,200000,"07/04/24 00:00:00","S009","AGRICULTURE","Satisfy",0,"07/04/24 00:00:00",,,150000,1
56,"0056","07/21/24 00:00:00","NANDAMURI KENADY","ML","8790167667","CHITRAM",,"Mortgage","Single","Single","Office ","25",2500,400000,2,300000,"07/21/24 00:00:00","S009","AGRICULTURE","Satisfy",2500,"07/21/24 00:00:00",,,200000,1
37,"0037","11/25/22 00:00:00","VEMURI RAMESH","ML","9014827885","Komaravolu","521301","Mortgage","Single","Single","From Field","5",2500,750000,160,400000,"12/02/22 00:00:00","S009","JOB","Satisfy",1500,"12/02/22 00:00:00",,,400000,1
57,"0057","08/25/24 00:00:00","BHUPATHI SIVAPARVATHI","ML","9502274324","narasanna paleam",,"Mortgage","Single","Single","Office ","50",2500,1000000,2,500000,"08/25/24 00:00:00","S009","JOB","Satisfy",1500,"08/25/24 00:00:00",,,300000,0
58,"0058","11/01/24 00:00:00","BURRA BABU RAO","ML","9398821479","TADEPALLI[SANKARAM PADU]","521326","Mortgage","Single","Single","Office ","15",1500,2000000,0,500000,"11/11/24 00:00:00","S009","DRIVING","Satisfy",1500,"11/11/24 00:00:00",,,300000,0
59,"0059","11/04/24 00:00:00","KOCHARA INDIRA","ML","9949750799","TAMIRISA","521324","Mortgage","Single","Single","Office ","10",1500,2500000,0,1000000,"11/11/24 00:00:00","S009","TAILARING","Satisfy",1500,"11/11/24 00:00:00",,,500000,0
60,"0060","11/05/24 00:00:00","MATHANGI APRNA","ML","9494869377","NANDIVADA","521326","Mortgage","Single","Single","Office ","10",1500,500000,0,300000,,,,,0,,,,,0
61,"0061","11/11/24 00:00:00","DEKKAMALA PUSHPHA","ML","6302983350","TAMIRISA","521326","Mortgage","Single","Single",,"10",1500,500000,0,200000,"11/11/24 00:00:00","S009","AGRICUITUR","Satisfy",1500,"11/11/24 00:00:00",,,50000,0
62,"0062","11/13/24 00:00:00","BADUGU MERY","ML","7032281920","LELLAPUDI","521326","Mortgage","Single","Single","Office ","25",1500,1500000,0,500000,"11/13/24 00:00:00","S009","AGRICUITURE","Satisfy",1500,"11/13/24 00:00:00",,,350000,0
63,"0063","11/18/24 00:00:00","BATTULA PRIYATHAM","ML","9177390445","GANNAVARAM","521326","Mortgage","Single","Single","Office ","30",1500,1500000,0,500000,"11/11/24 00:00:00","S009","PAINTING","Satisfy",1500,"11/11/24 00:00:00",,,300000,0
64,"0064","12/05/24 00:00:00","VASE SUNIL","ML","9573355724","gannavaram","521326","Mortgage","Single","Single","Office ","40",1500,200000,0,500000,"12/06/24 00:00:00","S009","PAINTING","Satisfy",1500,"12/06/24 00:00:00",,,350000,0
65,"0","03/25/25 00:00:00","PULAVARTHI LAKSHMANA RAO","ML","7674849886","GANNAVARAM","521326","Sale","Single","Single","Office ","35",2500,2500,20,1000000,"03/13/25 00:00:00","S009","AGRICULTURE","Satisfy",1500,"03/13/25 00:00:00",,,400000,0
66,"0","01/27/25 00:00:00","TAPPITA MANIMMA","ML","9963337582","NAKKAVARI PALEAM","521326","Mortgage","Single","Single","Office ","10",2500,3000000,20,1000000,"01/30/25 00:00:00","S009","AGRICULCHER","Satisfy",1500,"01/30/25 00:00:00",,,200000,0
67,"0","02/28/25 00:00:00","KOTHA SANTHOSHAMMA","ML","9959667554","GANNAVARAM","521326","Mortgage","Single","Single","Office ","30",2500,200000,10,300000,"02/01/25 00:00:00","S009","AGRICULCHER","Satisfy",1500,"02/01/25 00:00:00",,,100000,0
68,"0","01/30/25 00:00:00","SARIPALLI RADHIKA","ML","9032294088","MOTURU","521326","Adjustment","Single","Single","Office ","10",0,100000,20,500000,"02/03/25 00:00:00","S009","AGRICULCHER","Satisfy",0,"02/03/25 00:00:00",,,20000,0
69,"0","01/01/25 00:00:00","RUNJALA PADMAVATHI","ML","9000427408","SERIGOLVEPALLI","521326","Mortgage","Single","Single","Office ","10",2500,1000000,0,800000,"02/08/25 00:00:00","S009","AGRICULCHER","Satisfy",0,"02/08/25 00:00:00",,,250000,0
70,"0","02/20/25 00:00:00","GUDAPATI SANTHA KUMARI","ML","9177664570","TAMIRISA","521326","Adjustment","Single","Single","Office ","15",0,3000000,20,600000,"02/24/25 00:00:00","S009","AGRICULCHER","Good",1500,"02/24/25 00:00:00",,,600000,0
