TempID,smt,Name,Contact,Address,Relation
1,"0001","Vinukonda Sasikumar","9700361888","Rupa Offset printers","Brother"
2,"0002","SRILATHA","8096104184","Kondapalli,vja","SISTER"
3,"0003","KOLUSU VARALAKSHMI","9121377140","Matchlipatnam","WIFE"
4,"0004","XXX","6300713706","jonnapadu","DD"
5,"0005","ANDUGULA KRANTHI","7993433201","Dakaram,Mudinepalli","WIFE"
6,"0006","XXX","8121453357","Mandapadu,Gudivada","WIFE"
7,"0007","MOGADATI VANI","7396455659","ventrapragada maanikonda","WIFE"
8,"0008","T RATNA KUMARI","1234567890","kadimikunta","SISTER"
9,"0009","PITTU LEELA","7032975434","GURVINDHAGUNTA ,PEDAPARUPUDI","WIFE"
10,"0010","J SRILKASHMI","9866722296","GUDIVADA","OWN"
11,"0011","PAVAN G","8639096120","GUDIVADA","OWN"
12,"0012","REMALLI KALYANI","9705255641","GUDLAVALLERU","WIFE"
13,"0013","NATTA NANCHARAMMA","8142003510","VISWANADRIPALEM","MOTHER IN LAW"
14,"0014","PANDULA NIRMALA KUMARI","9701743416","SANKARAMPADU","WIFE"
15,"0015","N. RAMA DEVI","9515327219","SEEPUDI","WIFE"
16,"0016","B. DEEVENAMMA","9010136204","SEETHRAMPURAM HANUMAN JUNCTION","WIFE"
17,"0017","M. SANTHI","7032464864","KOMOROVOLU","WIFE"
18,"0018","PALAKURTHI MANOJ","9182183769","KODURU","BROTHER IN LAW"
19,"0019","S. MANIKYAM","8179218906","TENALI","SISTER"
20,"0020","MULLAPUDI VENKATESWARA RAO","9618019287","PAIDAKONDYAPALEM","BROTHER IN LAW"
21,"0021","GUMMADI KOTESWRA RAO","9441224756","KANURU, VIJAYAWADA","BROTHER IN LAW"
22,"0022","MERUGU VINAY KUMAR","7793935220","RAMANAPUDI","BROTHER"
23,"0023","K. RAVI KUMAR","9000607005","NANDIWADA","BROTHER"
24,"0024","KATAM RAJU","9515140470","SEEPUDI","GRAND FATHER"
25,"0025","KOYIRAPALAPU BALAMMA","9581192258","KOMOROVOLU","SISTER"
26,"0026","PULAVARTHI RATHNA KUMARI","7093756238","MADDURU","SISTER"
27,"0027","B. VASU KUMAR","9676622718","AVANIGADDA","BROTHER"
28,"0028","DAKARRAPU BHAVANI","9951387225","chavalipadu","SISTER"
29,"0029","PERIKE BUJJI BABU","9959594917","bandikolla lanka","BROTHER"
30,"0030","ADDANKI NARESH","9502452973","dhakshina chervu","BROTHER"
31,"0031","B RAMESH","9912734316","bandikolla lanka","SISTER IN LAW"
32,"0032","M PHANI KUMAR","9949932322","MANDAVALLI","BROTHER"
33,"0033","M SASI BUSHAN KUMAR","6304656369","JONNAPADU","BROTHER"
34,"0034","G. RAMESH","9866998991","gudivada","CO BROTHER"
35,"0035","E.RAJESH ","8247454784","nandiwada","BROTHER"
36,"0036","M .PRAVEEN","9666356368","movva","BROTHER"
40,"0040","KRISHNA RAO","9299959223","MOTURU","BROTHER"
41,"0041","M VIJAYA LAKSHMI","9392690350","TAMIRISA","MOTHER"
42,"0042","BHUPATHI MADHAVI","9347271705","NARASANNA PALEAM","SISTER"
43,"0043","P PRASANNA","9346072042","VISWANADRI PALEAM","DAUGHTER"
44,"0044","B VIJAYA SAGAR","9848463954","NARASANNA PALEAM","DAUGHTER"
45,"0045","B VIJAYA SAGAR","9848463954","NARASANNA PALEAM","DAUGHTER"
46,"0046","B VIJAYA SAGAR","9848463954","SANKARAM PADU","BROTHER"
46,"0046","B VIJAYA SAGAR","9848463954","SANKARAM PADU","BROTHER"
47,"0047","SRINIVASA RAO","7288971471","beatha vollu","BROTHER"
48,"0048","VENKATESWARA RAO","7288971471","tamirisa","BROTHER"
49,"0049","RANGA RAO","7288971471","gudivada","BROTHER"
37,"0037","NA","11","asdf","FATHER"
39,"0039","SANTHOSH KUMAR","6281218895","LELLAPUDI","BROTHER"
50,"0050","SANTHOSH KUMAR","6281218895","TAMIRISA","BROTHER"
51,"0051","SANTHOSH KUMAR","6281218895","TAMIRISA","BROTHER"
52,"0052","SANTHOSH KUMAR","6281218895","TAMIRISA","BROTHER"
53,"0053","SANTHOSH KUMAR","6281218895","NAGAVARAPADU","BROTHER"
54,"0054","SANTHOSH KUMAR","6281218895","NAGAVARAPADU","BROTHER"
55,"0055","SANTHOSH KUMAR","6281218895","NAGAVARAPADU","BROTHER"
56,"0056","SANTHOSH KUMAR","6281218895","NAGAVARAPADU","BROTHER"
38,"0038","pls update","7288971471","gudivada","BROTHER"
57,"0057","BHUPATHI PHANENDRA","9347271705","narasanna paleam","BROTHER"
62,"0062","CHEELI BRIJEETHAMMA","8142308892","LELLAPUDI","SISTER"
63,"0063","SUNEETHA","7661853546","GANNAVARAM","SISTER"
58,"0058","APPARAO","7093118808","SANKARAM PADU","BROTHER"
61,"0061","SANTHA KUMARI","7288971471","TAMIRISA","SISTER"
59,"0059","RUNJALA SWARNA","9618955259","SURAYAVANI PALEAM","SISTER"
64,"0064","VASE DEVA KUMAR","6300337392","gannavaram","FATHER"
65,"0065","JASMINE","7729018208","GANNAVARAM","DAUTHER"
66,"0066","KUMAR","9949618379","nakkavari paleam","BROTHER"
67,"0067","VIJAY","9949618379","gannavaram","SUN"
68,"0068","VIJAY","9949618379","gannavaram","BROTHER"
69,"0069","VIJAY","9949618379","gannavaram","BROTHER"
70,"0070","VIJAY","9949618379","gannavaram","BROTHER"
