slno,AgentID,centercode,name,EFee,ShrCr,prin,colsc,adm,mis,Gff,mx_cr,NorSav,totalCr,ExSav,ExDr,ShrDr,NorWd,dis,mx_dr,totDr,balance
1,"Group Lending","8","NAKKAVARI PALEM",0,0,26300,3.28650000e+03,7.23250000e+03,0,0,0,200,3.83990000e+04,1380,2800,0,0,0,0,2800,35599
2,"Group Lending","40","TAMIRISA Peda malapalli-B",0,0,17100,2.13700000e+03,4.70250000e+03,0,0,0,160,2.50595000e+04,960,1000,0,0,0,0,1000,24060
3,"Group Lending","53","TAMIRISA Peda malapalli ",0,0,18400,2.29900000e+03,5.06000000e+03,0,0,0,170,2.69690000e+04,1040,940,0,0,0,0,940,26029
4,"Group Lending","86","Vadlamannadu-Monthly ",0,0,24996,3.44400000e+03,5.16000000e+03,0,0,0,840,3.44400000e+04,0,0,0,0,0,0,0,34440
5,"Group Lending","88","THAKKELLAPADU",0,0,7994,7.00000000e+02,1.80600000e+03,0,0,0,700,1.12000000e+04,0,0,0,0,0,0,0,11200
6,"Group Lending","89","SURAYA VANI PALEAM",0,0,10861,1.22500000e+03,2.93400000e+03,0,0,0,280,1.56500000e+04,350,70,0,0,0,0,70,15580
