slno,particulars,uptolast,during,payment,ason
"1","Noof Working Villages",0,0,0,0
"2","Noof Working Centers",0,0,0,0
"3","MEMBERS",0,0,0,0
"a","Net Members",2502,0,9,2493
"4","SHARE CAPITAL",0,0,0,0
"a","Share amount Deposit",379300,0,1000,378300
"b","Admission Fee",0,0,0,0
"5","PORTIFOLIO",0,0,0,0
"a","Disbursement",14040441,1275000,1770633,13544808
"b","Recovery",230799559,1770633,0,232570192
"c","Fully Recovered Amount",0,0,0,0
"d","Processing Fee",991371365,80670,0,991452035
"e","Insurance Amount",2233750,8750,0,2242500
"6","THRIFT",0,0,0,0
"a","Thrift Deposit Amount",533409,0,0,533409
"b","Thrift Withdrawl Amount",0,0,0,0
"c","Thrift Net Amount",0,0,0,0
"7","SAVINGS DEPOSIT",0,0,0,0
"a","Savings Deposit amt",4356756,37530,13850,4380436
"b","Extra Savings",0,0,0,0
"c","SD Net Amount",0,0,0,0
"8","ADVANCE RECOVERIES",0,0,0,0
"a","ADV Recovery",0,0,0,0
"b","ADV Withdrawl",0,0,0,0
"c","ADV Net Amount",0,0,0,0
"9","INTEREST",0,0,0,0
"a","Collection Service charge",24958259,200752,0,25159011
"b","Adm Charge for tech assistance",53771032,450626,0,54221658
"c","Misc. from members",7708935,35764,0,7744699
