CenterNo,smtcode,name,Hus,Issdate,loanamt,Purphose,Releation,instAmt,InstType,CloseDate,Meturitydate,AgentName,Balance,Openbal,Dr,macs
49,"0061"," ANAGANI NAGA DHANA LAKSHMI","ANAGANI DURGAIAH","06/03/25 00:00:00",50000,,,,,,,,0,50,0,0
49,"2097A","PEYYALA JYOTHI","PEYYALA RAJU","06/03/25 00:00:00",20000,,,,,,,,0,50,0,0
49,"0140","TADANKI VARDANAM","tadanki rajesh","06/03/25 00:00:00",40000,,,,,,,,0,50,0,0
49,"0069","KUNA KAVITHA","KUNA ANIL KUMAR","06/03/25 00:00:00",60000,,,,,,,,0,50,0,0
49,"0070"," BORRA MANGA DEVI","BORRA NANCHARAIAH","06/03/25 00:00:00",50000,,,,,,,,0,50,0,0
23,"0224","GOVADA KUMARI","GOVADA ANTHONU","06/05/25 00:00:00",30000,,,,,,,,0,50,0,0
40,"0182","KANIGANTI SRAVANI","kaniganti sri kanth","06/07/25 00:00:00",10000,,,,,,,,0,50,0,0
40,"2120","PEYYALA VIMALA    KUMARI","PSIVAKUMAR","06/07/25 00:00:00",25000,,,,,,,,0,50,0,0
53,"2085","KORABATTINA JYOTHI","K.PEDAKOTAIAH","06/07/25 00:00:00",60000,,,,,,,,0,50,0,0
9,"2252B","KALLEPALLI VICTORIYA RANI","KALLEPALLI DIVYA CHARAN TEJA","06/09/25 00:00:00",60000,,,,,,,,0,50,0,0
27,"2042","ACHYUTA KUMARI","A.VASU","06/11/25 00:00:00",30000,,,,,,,,0,50,0,0
49,"0075","BEJAWADA NAGAMANI","BEJAVADA SUBBA RAO","06/17/25 00:00:00",50000,,,,,,,,0,50,0,0
62,"0080","DAKARAPU INDIRA","DAKARAPU SRINIVASA RAO","06/18/25 00:00:00",30000,,,,,,,,0,50,0,0
27,"0263","CHINTALA RAMA LAKSHMI","chintala ramadevi","06/18/25 00:00:00",5000,,,,,,,,0,50,0,0
23,"1001","MANEPALLI JYOTHI ","M.NAGESWARARAO","06/19/25 00:00:00",15000,,,,,,,,0,50,0,0
50,"1965","BOLLE DEVAMATHA ","B.NAGARAJU","06/19/25 00:00:00",55000,,,,,,,,0,50,0,0
9,"0326","POLIMETLA PRAMEELA ","P.RAVIKUMAR","06/23/25 00:00:00",70000,,,,,,,,0,50,0,0
5,"0094","PERUBOYINA ALAMMA","PERUBOYINA NAGA RAJU","06/24/25 00:00:00",30000,,,,,,,,0,50,0,0
49,"1923","NATTA JAYALAKSHMI ","NATTA YEDUKONDALU ","06/24/25 00:00:00",30000,,,,,,,,0,50,0,0
5,"0022"," NAIDU ARUNA KUMARI","NAIDU SATYANARAYANA","06/24/25 00:00:00",25000,,,,,,,,0,50,0,0
78,"3061","KAKI NAGALAKSHMI ","KAKI SRINIVASARAO","06/27/25 00:00:00",50000,,,,,,,,0,50,0,0
76,"3021","CHINTALAPUDI SWATHI","CHINATALAPUDI VENKATARATNAM","06/27/25 00:00:00",30000,,,,,,,,0,40,0,0
76,"0085","TALARI AMMAJI","TALARI SRINIVASA RAO","06/27/25 00:00:00",30000,,,,,,,,0,40,0,0
76,"3019","MERUGU  VENKATALAKSHMI","MERUGU   SRINIVASARAO","06/27/25 00:00:00",30000,,,,,,,,0,40,0,0
78,"3042","SUDAGANTI   SUNITHA","SUDAGANTI  LILA KRISHNA","06/27/25 00:00:00",50000,,,,,,,,0,50,0,0
76,"3006","KANIGANTI  ANITHA","K MALLESWARA RAO","06/27/25 00:00:00",30000,,,,,,,,0,40,0,0
76,"0081","NAYAKULA DEVI","NAYAKULA RAMUDU","06/27/25 00:00:00",30000,,,,,,,,0,40,0,0
76,"3002","SHAIK  SHAMI MUNNISA","SHAIK SERIF BHI","06/27/25 00:00:00",30000,,,,,,,,0,40,0,0
76,"3016","GULLA   NAGA   ANJALI  ","GULLA   VEERANJANEYULU","06/27/25 00:00:00",30000,,,,,,,,0,40,0,0
76,"3017","KARRA  ARUNA  KUMARI","KARRA   RAVI  KUMAR","06/27/25 00:00:00",30000,,,,,,,,0,40,0,0
76,"3014","TALARI   DURGA","TALARISRINIVASARAO","06/27/25 00:00:00",30000,,,,,,,,0,40,0,0
76,"0079","KAKI ARUNA KUMARI ","KAKI VENKATA SWAMI","06/27/25 00:00:00",30000,,,,,,,,0,40,0,0
53,"2129","KONERU RAMADEVI","KONERU CHAKRADHAR","06/28/25 00:00:00",60000,,,,,,,,0,50,0,0
53,"2106A","KURRALA BHARATHI","KURRALA NAGA RAJU","06/28/25 00:00:00",20000,,,,,,,,0,50,0,0
53,"2091","BATTAGUNTA ALISAMMA","B.SAIBABU","06/28/25 00:00:00",15000,,,,,,,,0,50,0,0
40,"2111","KILE RANI","K.NARASIMHA RAO","06/28/25 00:00:00",35000,,,,,,,,0,50,0,0
