StaffCode,Name,LastName,Cader,Doj,DateofResign,Status,Bank,Bank Branch,ACno,IFSC,AdharNo,ResignReason,Contact1,Contact2,HouseContactNo,Address
"S006","Sai Vara Prasad","Sarihaddu","FCA","08/21/20 00:00:00",,0,"State bank of india","Repalle Bazar","37775336048","SBIN0014364",,,,,,
"S009","Munibabu","Sarihaddu","BM","12/11/06 00:00:00",,1,"State bank of india","Rajendranagar Gudivada","30376019216","SBIN0011102",,,"9291446388",,,
"S004","Manoj","Pallem","TrFCA","02/13/20 00:00:00","06/30/20 00:00:00",0,,,,,,,,,,
"S005","Pedda Obulanna","Yata","BM","07/23/20 00:00:00",,0,,,,,,,,,,
"S007","Satya Prasad","KVV","ABM","10/26/20 00:00:00","04/05/21 00:00:00",0,"State bank of india","Mandapeta","33925055263","SBIN0000996",,,,,,
"S008","Srinivasa Raju","Sarikonda","ABM","11/03/20 00:00:00","01/09/21 00:00:00",0,,,,,,,,,,
"S003","Suresh","Pidige","TrFCA","01/26/20 00:00:00","05/10/20 00:00:00",0,,,,,,,,,,
"S001","Srilatha","Sarihaddu","CEO","11/02/11 00:00:00",,0,"State bank of india","Rajendranagar Gudivada","20303563574","SBIN0011102",,,,,,
"S002","Durgabhavani","Mandava","Office","03/01/21 00:00:00","07/31/21 00:00:00",0,,,,,,,,,,
"S010","Rajesh","Pidige","Tr FCA","03/14/21 00:00:00",,0,,,,,,,,,,
"S011","Ramyadeepika","Kondaparla","FCA","03/22/21 00:00:00",,0,,,,,,,,,,
"S012","Lurdhu Mery","Boddu","Tr FCA","03/23/21 00:00:00",,1,,,,,,,"9705886437",,,
"S013","Nagaraju sir","Poturaju","FCA","04/08/21 00:00:00",,0,,,,,,,"9866909749",,,
"S014","Naga Basavaiah","Gudapati","TrFCA","04/08/21 00:00:00","12/31/21 00:00:00",0,,,,,,,,,,
"S015","Sivaji","Govada","TrFCA","04/08/21 00:00:00",,0,,,,,,,,,,
"S016","Ajay Kumar","Pilli","TrFCA","08/01/21 00:00:00","09/04/21 00:00:00",0,,,,,,"Thefting",,,,
"S017","Sivaprasad","CH","BM","08/01/21 00:00:00","02/05/22 00:00:00",0,,,,,,,,,,
"S018","Mohanamurali","Thota","TrFCA","12/06/21 00:00:00","12/31/21 00:00:00",0,,,,,,,,,,
"S019","Sudhakararao","Triparnapalli","BM","01/01/22 00:00:00","04/02/22 00:00:00",0,,,,,,,,,,
"S020","Tobe Verify","Dummy","TrFCA","01/01/20 00:00:00",,0,,,,,,,,,,
"S021","Venkateswararao","Nandivada","BM","02/07/21 00:00:00","04/04/22 00:00:00",0,,,,,,,"9908900796","9550732427",,
"S022","Rangababu","Keerthi","FCA Tr","02/01/22 00:00:00","04/27/22 00:00:00",0,,,,,,,"8688084108",,,
"S023","Vinodkumar","Surepalli","FCA","02/22/22 00:00:00",,0,,,,,,,"8977560511",,"7659971495",
"S024","Pavankalyan","Gudapati","TCA","03/21/22 00:00:00","06/14/24 00:00:00",0,,,,,,,"8639070633",,,
"S025","Mahesh","Usala","ABM","03/21/22 00:00:00",,0,,,,,,,"7207338268",,,
"S026","Madhu","G","BM","03/18/22 00:00:00",,0,,,,,,,"9533784072",,,
"S027","Bharat","K","TCA","04/04/22 00:00:00",,0,,,,,,,"6281448660",,,
"S028","Chittiraju","Kothuri","TCA","07/06/23 00:00:00",,0,,,,,,,"9700341448",,,
"S029","Rakesh","Chebattina","TCA","07/08/23 00:00:00",,0,,,,,,,"9705809549",,,
"S030","NARESH","KOTHAKOTA","ABM","06/24/24 00:00:00",,0,,,,,,,,,,
"S031","Anoku","Talari","Tr FCA","09/23/24 00:00:00",,0,,,,,,,,,,
"S032","Ramesh babu","Remalli","Tr FCA","12/05/24 00:00:00",,0,,,,,,,,,,
"S033","Jagadeesh","Gunduboina","FCA","12/11/24 00:00:00",,1,,,,,,,,,,
"S034","Kiran","Boddu","FCA","01/16/25 00:00:00",,0,,,,,,,,,,
"S035","Murala Rajeswari","RAJESWARI","TrFCA","04/23/25 00:00:00",,1,,,,,,,,,,
