uname,upass,creat_date,valid_date,user_name,user_desig,r_member,r_accounts,r_reports,r_security,U_code,PFCODE,UAttempts,PasswordChangeDate,UploadStatus
"00010","KING1234","10/24/08 00:00:00","10/25/09 00:00:00","KK","AM-Sr",1,1,1,0,"S0010",10,0,"10/24/08 00:00:00",0
"00991","VALI2008","10/14/08 00:00:00","10/14/10 00:00:00","D.HUSSAIN VALLI","BM-Tr",1,1,1,1,"S0009",991,0,"12/01/08 00:00:00",0
"01015","BMBM1234","09/29/08 00:00:00","01/01/20 00:00:00","MAGULURI MARUTHI KAMESWARA RAO","BM",0,0,0,0,"S0001",1015,3,"10/15/08 00:00:00",0
"01456","SERI1234","09/29/08 00:00:00","08/26/09 00:00:00","MUDIYAM PRADEEP REDDY","MEA",1,1,1,0,"S0002",1456,3,"09/29/08 00:00:00",0
"02057","jayasyam","05/20/08 00:00:00","05/20/10 00:00:00","NOOLI JAYA SYAM","MEA-Sr",1,0,1,0,"S0006",2057,10,,0
"03194","GVREDDY","06/30/08 00:00:00","02/20/09 00:00:00","GUDA VENKATESWARLU","MEA",1,0,1,0,"S0004",3194,37,,0
"04663","nagendra","03/31/08 20:14:01","03/31/09 00:00:00","S NAGENDRA REDDY","MEA-Tr",0,0,0,0,"S0005",4663,4,,0
